fund_id,fund_name,asset_family,method,calendar,annualisation_factor,initial_estimation_start,initial_estimation_end,first_live_date,end_date,window_type,rebalance_rule,training_rule,holding_rule,max_target_weight,risk_free_rate,transaction_cost_rate,initial_establishment_cost_charged
equity_equal_weight,Equity Equal Weight,Equity,Equal Weight,equity trading calendar,252,2020-01-03,2020-12-31,2021-01-04,2023-12-29,expanding,first available observation of each calendar month,returns strictly before rebalance_date,monthly target weights drift with buy-and-hold daily returns,,0,0.001,False
equity_minimum_variance,Equity Minimum Variance,Equity,Minimum Variance,equity trading calendar,252,2020-01-03,2020-12-31,2021-01-04,2023-12-29,expanding,first available observation of each calendar month,returns strictly before rebalance_date,monthly target weights drift with buy-and-hold daily returns,0.2,0,0.001,False
equity_risk_parity,Equity Risk Parity,Equity,Risk Parity,equity trading calendar,252,2020-01-03,2020-12-31,2021-01-04,2023-12-29,expanding,first available observation of each calendar month,returns strictly before rebalance_date,monthly target weights drift with buy-and-hold daily returns,0.2,0,0.001,False
crypto_equal_weight,Crypto Equal Weight,Crypto,Equal Weight,native seven-day calendar,365,2020-01-02,2020-12-31,2021-01-01,2023-12-31,expanding,first available observation of each calendar month,returns strictly before rebalance_date,monthly target weights drift with buy-and-hold daily returns,,0,0.001,False
crypto_minimum_variance,Crypto Minimum Variance,Crypto,Minimum Variance,native seven-day calendar,365,2020-01-02,2020-12-31,2021-01-01,2023-12-31,expanding,first available observation of each calendar month,returns strictly before rebalance_date,monthly target weights drift with buy-and-hold daily returns,0.2,0,0.001,False
crypto_risk_parity,Crypto Risk Parity,Crypto,Risk Parity,native seven-day calendar,365,2020-01-02,2020-12-31,2021-01-01,2023-12-31,expanding,first available observation of each calendar month,returns strictly before rebalance_date,monthly target weights drift with buy-and-hold daily returns,0.2,0,0.001,False
combined_equal_weight,Combined Equal Weight,Combined,Equal Weight,equity trading calendar with same-date native crypto returns,252,2020-01-03,2020-12-31,2021-01-04,2023-12-29,expanding,first available observation of each calendar month,returns strictly before rebalance_date,monthly target weights drift with buy-and-hold daily returns,,0,0.001,False
combined_minimum_variance,Combined Minimum Variance,Combined,Minimum Variance,equity trading calendar with same-date native crypto returns,252,2020-01-03,2020-12-31,2021-01-04,2023-12-29,expanding,first available observation of each calendar month,returns strictly before rebalance_date,monthly target weights drift with buy-and-hold daily returns,0.2,0,0.001,False
combined_risk_parity,Combined Risk Parity,Combined,Risk Parity,equity trading calendar with same-date native crypto returns,252,2020-01-03,2020-12-31,2021-01-04,2023-12-29,expanding,first available observation of each calendar month,returns strictly before rebalance_date,monthly target weights drift with buy-and-hold daily returns,0.2,0,0.001,False
