fund_id,fund_name,asset_family,method,rebalance_date,next_rebalance_date,training_start,training_end,training_observations,solver_success,solver_message,objective_value,covariance_regularisation,max_risk_contribution_deviation,weight_sum,minimum_weight,maximum_weight
equity_equal_weight,Equity Equal Weight,Equity,Equal Weight,2021-01-04,2021-02-01,2020-01-03,2020-12-31,252,True,deterministic equal weight,,0,,1,0.02,0.02
equity_equal_weight,Equity Equal Weight,Equity,Equal Weight,2021-02-01,2021-03-01,2020-01-03,2021-01-29,271,True,deterministic equal weight,,0,,1,0.02,0.02
equity_equal_weight,Equity Equal Weight,Equity,Equal Weight,2021-03-01,2021-04-01,2020-01-03,2021-02-26,290,True,deterministic equal weight,,0,,1,0.02,0.02
equity_equal_weight,Equity Equal Weight,Equity,Equal Weight,2021-04-01,2021-05-03,2020-01-03,2021-03-31,313,True,deterministic equal weight,,0,,1,0.02,0.02
equity_equal_weight,Equity Equal Weight,Equity,Equal Weight,2021-05-03,2021-06-01,2020-01-03,2021-04-30,334,True,deterministic equal weight,,0,,1,0.02,0.02
equity_equal_weight,Equity Equal Weight,Equity,Equal Weight,2021-06-01,2021-07-01,2020-01-03,2021-05-28,354,True,deterministic equal weight,,0,,1,0.02,0.02
equity_equal_weight,Equity Equal Weight,Equity,Equal Weight,2021-07-01,2021-08-02,2020-01-03,2021-06-30,376,True,deterministic equal weight,,0,,1,0.02,0.02
equity_equal_weight,Equity Equal Weight,Equity,Equal Weight,2021-08-02,2021-09-01,2020-01-03,2021-07-30,397,True,deterministic equal weight,,0,,1,0.02,0.02
equity_equal_weight,Equity Equal Weight,Equity,Equal Weight,2021-09-01,2021-10-01,2020-01-03,2021-08-31,419,True,deterministic equal weight,,0,,1,0.02,0.02
equity_equal_weight,Equity Equal Weight,Equity,Equal Weight,2021-10-01,2021-11-01,2020-01-03,2021-09-30,440,True,deterministic equal weight,,0,,1,0.02,0.02
equity_equal_weight,Equity Equal Weight,Equity,Equal Weight,2021-11-01,2021-12-01,2020-01-03,2021-10-29,461,True,deterministic equal weight,,0,,1,0.02,0.02
equity_equal_weight,Equity Equal Weight,Equity,Equal Weight,2021-12-01,2022-01-03,2020-01-03,2021-11-30,482,True,deterministic equal weight,,0,,1,0.02,0.02
equity_equal_weight,Equity Equal Weight,Equity,Equal Weight,2022-01-03,2022-02-01,2020-01-03,2021-12-31,504,True,deterministic equal weight,,0,,1,0.02,0.02
equity_equal_weight,Equity Equal Weight,Equity,Equal Weight,2022-02-01,2022-03-01,2020-01-03,2022-01-31,524,True,deterministic equal weight,,0,,1,0.02,0.02
equity_equal_weight,Equity Equal Weight,Equity,Equal Weight,2022-03-01,2022-04-01,2020-01-03,2022-02-28,543,True,deterministic equal weight,,0,,1,0.02,0.02
equity_equal_weight,Equity Equal Weight,Equity,Equal Weight,2022-04-01,2022-05-02,2020-01-03,2022-03-31,566,True,deterministic equal weight,,0,,1,0.02,0.02
equity_equal_weight,Equity Equal Weight,Equity,Equal Weight,2022-05-02,2022-06-01,2020-01-03,2022-04-29,586,True,deterministic equal weight,,0,,1,0.02,0.02
equity_equal_weight,Equity Equal Weight,Equity,Equal Weight,2022-06-01,2022-07-01,2020-01-03,2022-05-31,607,True,deterministic equal weight,,0,,1,0.02,0.02
equity_equal_weight,Equity Equal Weight,Equity,Equal Weight,2022-07-01,2022-08-01,2020-01-03,2022-06-30,628,True,deterministic equal weight,,0,,1,0.02,0.02
equity_equal_weight,Equity Equal Weight,Equity,Equal Weight,2022-08-01,2022-09-01,2020-01-03,2022-07-29,648,True,deterministic equal weight,,0,,1,0.02,0.02
equity_equal_weight,Equity Equal Weight,Equity,Equal Weight,2022-09-01,2022-10-03,2020-01-03,2022-08-31,671,True,deterministic equal weight,,0,,1,0.02,0.02
equity_equal_weight,Equity Equal Weight,Equity,Equal Weight,2022-10-03,2022-11-01,2020-01-03,2022-09-30,692,True,deterministic equal weight,,0,,1,0.02,0.02
equity_equal_weight,Equity Equal Weight,Equity,Equal Weight,2022-11-01,2022-12-01,2020-01-03,2022-10-31,713,True,deterministic equal weight,,0,,1,0.02,0.02
equity_equal_weight,Equity Equal Weight,Equity,Equal Weight,2022-12-01,2023-01-03,2020-01-03,2022-11-30,734,True,deterministic equal weight,,0,,1,0.02,0.02
equity_equal_weight,Equity Equal Weight,Equity,Equal Weight,2023-01-03,2023-02-01,2020-01-03,2022-12-30,755,True,deterministic equal weight,,0,,1,0.02,0.02
equity_equal_weight,Equity Equal Weight,Equity,Equal Weight,2023-02-01,2023-03-01,2020-01-03,2023-01-31,775,True,deterministic equal weight,,0,,1,0.02,0.02
equity_equal_weight,Equity Equal Weight,Equity,Equal Weight,2023-03-01,2023-04-03,2020-01-03,2023-02-28,794,True,deterministic equal weight,,0,,1,0.02,0.02
equity_equal_weight,Equity Equal Weight,Equity,Equal Weight,2023-04-03,2023-05-01,2020-01-03,2023-03-31,817,True,deterministic equal weight,,0,,1,0.02,0.02
equity_equal_weight,Equity Equal Weight,Equity,Equal Weight,2023-05-01,2023-06-01,2020-01-03,2023-04-28,836,True,deterministic equal weight,,0,,1,0.02,0.02
equity_equal_weight,Equity Equal Weight,Equity,Equal Weight,2023-06-01,2023-07-03,2020-01-03,2023-05-31,858,True,deterministic equal weight,,0,,1,0.02,0.02
equity_equal_weight,Equity Equal Weight,Equity,Equal Weight,2023-07-03,2023-08-01,2020-01-03,2023-06-30,879,True,deterministic equal weight,,0,,1,0.02,0.02
equity_equal_weight,Equity Equal Weight,Equity,Equal Weight,2023-08-01,2023-09-01,2020-01-03,2023-07-31,899,True,deterministic equal weight,,0,,1,0.02,0.02
equity_equal_weight,Equity Equal Weight,Equity,Equal Weight,2023-09-01,2023-10-02,2020-01-03,2023-08-31,922,True,deterministic equal weight,,0,,1,0.02,0.02
equity_equal_weight,Equity Equal Weight,Equity,Equal Weight,2023-10-02,2023-11-01,2020-01-03,2023-09-29,942,True,deterministic equal weight,,0,,1,0.02,0.02
equity_equal_weight,Equity Equal Weight,Equity,Equal Weight,2023-11-01,2023-12-01,2020-01-03,2023-10-31,964,True,deterministic equal weight,,0,,1,0.02,0.02
equity_equal_weight,Equity Equal Weight,Equity,Equal Weight,2023-12-01,,2020-01-03,2023-11-30,985,True,deterministic equal weight,,0,,1,0.02,0.02
equity_minimum_variance,Equity Minimum Variance,Equity,Minimum Variance,2021-01-04,2021-02-01,2020-01-03,2020-12-31,252,True,Optimization terminated successfully,0.000233195067925,0,,1,0,0.2
equity_minimum_variance,Equity Minimum Variance,Equity,Minimum Variance,2021-02-01,2021-03-01,2020-01-03,2021-01-29,271,True,Optimization terminated successfully,0.000220726581906,0,,1,0,0.2
equity_minimum_variance,Equity Minimum Variance,Equity,Minimum Variance,2021-03-01,2021-04-01,2020-01-03,2021-02-26,290,True,Optimization terminated successfully,0.000210202326938,0,,1,0,0.2
equity_minimum_variance,Equity Minimum Variance,Equity,Minimum Variance,2021-04-01,2021-05-03,2020-01-03,2021-03-31,313,True,Optimization terminated successfully,0.000199684113265,0,,1,0,0.2
equity_minimum_variance,Equity Minimum Variance,Equity,Minimum Variance,2021-05-03,2021-06-01,2020-01-03,2021-04-30,334,True,Optimization terminated successfully,0.000188996676406,0,,1,0,0.2
equity_minimum_variance,Equity Minimum Variance,Equity,Minimum Variance,2021-06-01,2021-07-01,2020-01-03,2021-05-28,354,True,Optimization terminated successfully,0.00018128283876,0,,1,0,0.2
equity_minimum_variance,Equity Minimum Variance,Equity,Minimum Variance,2021-07-01,2021-08-02,2020-01-03,2021-06-30,376,True,Optimization terminated successfully,0.00017301209339,0,,1,0,0.2
equity_minimum_variance,Equity Minimum Variance,Equity,Minimum Variance,2021-08-02,2021-09-01,2020-01-03,2021-07-30,397,True,Optimization terminated successfully,0.000164931518426,0,,1,0,0.2
equity_minimum_variance,Equity Minimum Variance,Equity,Minimum Variance,2021-09-01,2021-10-01,2020-01-03,2021-08-31,419,True,Optimization terminated successfully,0.000157904667828,0,,1,0,0.2
equity_minimum_variance,Equity Minimum Variance,Equity,Minimum Variance,2021-10-01,2021-11-01,2020-01-03,2021-09-30,440,True,Optimization terminated successfully,0.000152867116059,0,,1,0,0.2
equity_minimum_variance,Equity Minimum Variance,Equity,Minimum Variance,2021-11-01,2021-12-01,2020-01-03,2021-10-29,461,True,Optimization terminated successfully,0.000147431517685,0,,1,0,0.2
equity_minimum_variance,Equity Minimum Variance,Equity,Minimum Variance,2021-12-01,2022-01-03,2020-01-03,2021-11-30,482,True,Optimization terminated successfully,0.000143036496446,0,,1,0,0.2
equity_minimum_variance,Equity Minimum Variance,Equity,Minimum Variance,2022-01-03,2022-02-01,2020-01-03,2021-12-31,504,True,Optimization terminated successfully,0.000138946719959,0,,1,0,0.2
equity_minimum_variance,Equity Minimum Variance,Equity,Minimum Variance,2022-02-01,2022-03-01,2020-01-03,2022-01-31,524,True,Optimization terminated successfully,0.000135110631924,0,,1,0,0.2
equity_minimum_variance,Equity Minimum Variance,Equity,Minimum Variance,2022-03-01,2022-04-01,2020-01-03,2022-02-28,543,True,Optimization terminated successfully,0.000132568905602,0,,1,0,0.2
equity_minimum_variance,Equity Minimum Variance,Equity,Minimum Variance,2022-04-01,2022-05-02,2020-01-03,2022-03-31,566,True,Optimization terminated successfully,0.000129397221005,0,,1,0,0.2
equity_minimum_variance,Equity Minimum Variance,Equity,Minimum Variance,2022-05-02,2022-06-01,2020-01-03,2022-04-29,586,True,Optimization terminated successfully,0.000129126454113,0,,1,0,0.2
equity_minimum_variance,Equity Minimum Variance,Equity,Minimum Variance,2022-06-01,2022-07-01,2020-01-03,2022-05-31,607,True,Optimization terminated successfully,0.000128509603121,0,,1,0,0.186840012667
equity_minimum_variance,Equity Minimum Variance,Equity,Minimum Variance,2022-07-01,2022-08-01,2020-01-03,2022-06-30,628,True,Optimization terminated successfully,0.000128855187939,0,,1,0,0.188766642882
equity_minimum_variance,Equity Minimum Variance,Equity,Minimum Variance,2022-08-01,2022-09-01,2020-01-03,2022-07-29,648,True,Optimization terminated successfully,0.000126241306964,0,,1,0,0.18850541551
equity_minimum_variance,Equity Minimum Variance,Equity,Minimum Variance,2022-09-01,2022-10-03,2020-01-03,2022-08-31,671,True,Optimization terminated successfully,0.000124897442516,0,,1,0,0.184304745175
equity_minimum_variance,Equity Minimum Variance,Equity,Minimum Variance,2022-10-03,2022-11-01,2020-01-03,2022-09-30,692,True,Optimization terminated successfully,0.000125829427177,0,,1,0,0.190203708591
equity_minimum_variance,Equity Minimum Variance,Equity,Minimum Variance,2022-11-01,2022-12-01,2020-01-03,2022-10-31,713,True,Optimization terminated successfully,0.000127193938205,0,,1,0,0.193783376637
equity_minimum_variance,Equity Minimum Variance,Equity,Minimum Variance,2022-12-01,2023-01-03,2020-01-03,2022-11-30,734,True,Optimization terminated successfully,0.000126794365126,0,,1,0,0.196201431688
equity_minimum_variance,Equity Minimum Variance,Equity,Minimum Variance,2023-01-03,2023-02-01,2020-01-03,2022-12-30,755,True,Optimization terminated successfully,0.000125099391979,0,,1,0,0.196216531413
equity_minimum_variance,Equity Minimum Variance,Equity,Minimum Variance,2023-02-01,2023-03-01,2020-01-03,2023-01-31,775,True,Optimization terminated successfully,0.000123940135597,0,,1,0,0.193475919124
equity_minimum_variance,Equity Minimum Variance,Equity,Minimum Variance,2023-03-01,2023-04-03,2020-01-03,2023-02-28,794,True,Optimization terminated successfully,0.000122487640642,0,,1,0,0.192358553975
equity_minimum_variance,Equity Minimum Variance,Equity,Minimum Variance,2023-04-03,2023-05-01,2020-01-03,2023-03-31,817,True,Optimization terminated successfully,0.000120731478177,0,,1,0,0.194676921682
equity_minimum_variance,Equity Minimum Variance,Equity,Minimum Variance,2023-05-01,2023-06-01,2020-01-03,2023-04-28,836,True,Optimization terminated successfully,0.000118891489898,0,,1,0,0.196536066192
equity_minimum_variance,Equity Minimum Variance,Equity,Minimum Variance,2023-06-01,2023-07-03,2020-01-03,2023-05-31,858,True,Optimization terminated successfully,0.000116630711171,0,,1,0,0.197126619706
equity_minimum_variance,Equity Minimum Variance,Equity,Minimum Variance,2023-07-03,2023-08-01,2020-01-03,2023-06-30,879,True,Optimization terminated successfully,0.000114725494985,0,,1,0,0.198266092256
equity_minimum_variance,Equity Minimum Variance,Equity,Minimum Variance,2023-08-01,2023-09-01,2020-01-03,2023-07-31,899,True,Optimization terminated successfully,0.000112909045266,0,,1,0,0.19835883892
equity_minimum_variance,Equity Minimum Variance,Equity,Minimum Variance,2023-09-01,2023-10-02,2020-01-03,2023-08-31,922,True,Optimization terminated successfully,0.000111100449172,0,,1,0,0.198759947809
equity_minimum_variance,Equity Minimum Variance,Equity,Minimum Variance,2023-10-02,2023-11-01,2020-01-03,2023-09-29,942,True,Optimization terminated successfully,0.000109505683242,0,,1,0,0.199688665453
equity_minimum_variance,Equity Minimum Variance,Equity,Minimum Variance,2023-11-01,2023-12-01,2020-01-03,2023-10-31,964,True,Optimization terminated successfully,0.000108176511688,0,,1,0,0.2
equity_minimum_variance,Equity Minimum Variance,Equity,Minimum Variance,2023-12-01,,2020-01-03,2023-11-30,985,True,Optimization terminated successfully,0.000106834085747,0,,1,0,0.198196109016
equity_risk_parity,Equity Risk Parity,Equity,Risk Parity,2021-01-04,2021-02-01,2020-01-03,2020-12-31,252,True,Optimization terminated successfully,2.12045496843e-13,0,1.53732311301e-07,1,0.00979015683646,0.0392761290278
equity_risk_parity,Equity Risk Parity,Equity,Risk Parity,2021-02-01,2021-03-01,2020-01-03,2021-01-29,271,True,Optimization terminated successfully,2.2924678905e-13,0,1.82977788053e-07,1,0.00979862561522,0.0388725763516
equity_risk_parity,Equity Risk Parity,Equity,Risk Parity,2021-03-01,2021-04-01,2020-01-03,2021-02-26,290,True,Optimization terminated successfully,2.03430161687e-13,0,1.87780398012e-07,1,0.00974970341179,0.038526221002
equity_risk_parity,Equity Risk Parity,Equity,Risk Parity,2021-04-01,2021-05-03,2020-01-03,2021-03-31,313,True,Optimization terminated successfully,1.40220783883e-13,0,1.45378003236e-07,1,0.00982295585397,0.0379994258276
equity_risk_parity,Equity Risk Parity,Equity,Risk Parity,2021-05-03,2021-06-01,2020-01-03,2021-04-30,334,True,Optimization terminated successfully,1.2265341442e-13,0,1.32290837694e-07,1,0.00985166038916,0.0376530580846
equity_risk_parity,Equity Risk Parity,Equity,Risk Parity,2021-06-01,2021-07-01,2020-01-03,2021-05-28,354,True,Optimization terminated successfully,1.02539425444e-13,0,1.30898706905e-07,1,0.0098669430199,0.0372328621574
equity_risk_parity,Equity Risk Parity,Equity,Risk Parity,2021-07-01,2021-08-02,2020-01-03,2021-06-30,376,True,Optimization terminated successfully,8.82738243123e-14,0,1.41000189569e-07,1,0.00988668131487,0.0367399521359
equity_risk_parity,Equity Risk Parity,Equity,Risk Parity,2021-08-02,2021-09-01,2020-01-03,2021-07-30,397,True,Optimization terminated successfully,9.25928149731e-14,0,1.5680195482e-07,1,0.00984828080517,0.0365849632502
equity_risk_parity,Equity Risk Parity,Equity,Risk Parity,2021-09-01,2021-10-01,2020-01-03,2021-08-31,419,True,Optimization terminated successfully,7.30217644976e-14,0,1.55747069443e-07,1,0.00980023966899,0.0361219571962
equity_risk_parity,Equity Risk Parity,Equity,Risk Parity,2021-10-01,2021-11-01,2020-01-03,2021-09-30,440,True,Optimization terminated successfully,3.71101080107e-13,0,3.68651341266e-07,1,0.00976989912867,0.0360872364191
equity_risk_parity,Equity Risk Parity,Equity,Risk Parity,2021-11-01,2021-12-01,2020-01-03,2021-10-29,461,True,Optimization terminated successfully,7.27049058191e-14,0,1.45574811025e-07,1,0.00978215183373,0.0363006515463
equity_risk_parity,Equity Risk Parity,Equity,Risk Parity,2021-12-01,2022-01-03,2020-01-03,2021-11-30,482,True,Optimization terminated successfully,8.89605584204e-14,0,1.4668707075e-07,1,0.00975444025727,0.0365479016401
equity_risk_parity,Equity Risk Parity,Equity,Risk Parity,2022-01-03,2022-02-01,2020-01-03,2021-12-31,504,True,Optimization terminated successfully,9.67120117286e-14,0,1.60788879267e-07,1,0.00974625134767,0.0365439884944
equity_risk_parity,Equity Risk Parity,Equity,Risk Parity,2022-02-01,2022-03-01,2020-01-03,2022-01-31,524,True,Optimization terminated successfully,9.6360645263e-14,0,1.60738155185e-07,1,0.00976568000317,0.0366538279588
equity_risk_parity,Equity Risk Parity,Equity,Risk Parity,2022-03-01,2022-04-01,2020-01-03,2022-02-28,543,True,Optimization terminated successfully,1.20026473868e-13,0,1.60820650085e-07,1,0.00993971283426,0.0371989204927
equity_risk_parity,Equity Risk Parity,Equity,Risk Parity,2022-04-01,2022-05-02,2020-01-03,2022-03-31,566,True,Optimization terminated successfully,1.50877430451e-13,0,1.68222581597e-07,1,0.0100089911262,0.0381955780483
equity_risk_parity,Equity Risk Parity,Equity,Risk Parity,2022-05-02,2022-06-01,2020-01-03,2022-04-29,586,True,Optimization terminated successfully,9.75918978516e-14,0,1.41971772675e-07,1,0.010059833423,0.0377243221126
equity_risk_parity,Equity Risk Parity,Equity,Risk Parity,2022-06-01,2022-07-01,2020-01-03,2022-05-31,607,True,Optimization terminated successfully,8.38436495052e-14,0,1.04090600892e-07,1,0.0100622026323,0.0373995227757
equity_risk_parity,Equity Risk Parity,Equity,Risk Parity,2022-07-01,2022-08-01,2020-01-03,2022-06-30,628,True,Optimization terminated successfully,6.96697540686e-14,0,1.08835091463e-07,1,0.0101902295532,0.0372978875487
equity_risk_parity,Equity Risk Parity,Equity,Risk Parity,2022-08-01,2022-09-01,2020-01-03,2022-07-29,648,True,Optimization terminated successfully,7.34145795342e-14,0,1.12788242843e-07,1,0.0101903300757,0.0374046452466
equity_risk_parity,Equity Risk Parity,Equity,Risk Parity,2022-09-01,2022-10-03,2020-01-03,2022-08-31,671,True,Optimization terminated successfully,2.52521638146e-13,0,2.73972389667e-07,1,0.010328060062,0.0369521583716
equity_risk_parity,Equity Risk Parity,Equity,Risk Parity,2022-10-03,2022-11-01,2020-01-03,2022-09-30,692,True,Optimization terminated successfully,2.06654522959e-13,0,1.84022926727e-07,1,0.0104948655176,0.0363868391441
equity_risk_parity,Equity Risk Parity,Equity,Risk Parity,2022-11-01,2022-12-01,2020-01-03,2022-10-31,713,True,Optimization terminated successfully,1.63059384553e-13,0,1.96256884032e-07,1,0.010709450829,0.0360137032689
equity_risk_parity,Equity Risk Parity,Equity,Risk Parity,2022-12-01,2023-01-03,2020-01-03,2022-11-30,734,True,Optimization terminated successfully,1.01791081829e-13,0,1.56600255163e-07,1,0.0107607139893,0.0360931879175
equity_risk_parity,Equity Risk Parity,Equity,Risk Parity,2023-01-03,2023-02-01,2020-01-03,2022-12-30,755,True,Optimization terminated successfully,1.07783172101e-13,0,1.7650999562e-07,1,0.0107945130934,0.0358764184622
equity_risk_parity,Equity Risk Parity,Equity,Risk Parity,2023-02-01,2023-03-01,2020-01-03,2023-01-31,775,True,Optimization terminated successfully,1.10991302826e-13,0,1.99962775674e-07,1,0.0108653853537,0.035645708728
equity_risk_parity,Equity Risk Parity,Equity,Risk Parity,2023-03-01,2023-04-03,2020-01-03,2023-02-28,794,True,Optimization terminated successfully,1.32051030617e-13,0,2.43771493581e-07,1,0.0108848039308,0.0356733234352
equity_risk_parity,Equity Risk Parity,Equity,Risk Parity,2023-04-03,2023-05-01,2020-01-03,2023-03-31,817,True,Optimization terminated successfully,1.33700976899e-13,0,2.22829902804e-07,1,0.0109349586181,0.0358582501262
equity_risk_parity,Equity Risk Parity,Equity,Risk Parity,2023-05-01,2023-06-01,2020-01-03,2023-04-28,836,True,Optimization terminated successfully,1.31464764165e-13,0,2.23982265533e-07,1,0.0109559104673,0.0358915910498
equity_risk_parity,Equity Risk Parity,Equity,Risk Parity,2023-06-01,2023-07-03,2020-01-03,2023-05-31,858,True,Optimization terminated successfully,1.39784931908e-13,0,2.3260398577e-07,1,0.0109972035382,0.0359495325859
equity_risk_parity,Equity Risk Parity,Equity,Risk Parity,2023-07-03,2023-08-01,2020-01-03,2023-06-30,879,True,Optimization terminated successfully,1.31012225536e-13,0,2.29944486892e-07,1,0.011025352316,0.0359814228526
equity_risk_parity,Equity Risk Parity,Equity,Risk Parity,2023-08-01,2023-09-01,2020-01-03,2023-07-31,899,True,Optimization terminated successfully,1.32079477782e-13,0,2.38669064536e-07,1,0.0110232814963,0.036023224512
equity_risk_parity,Equity Risk Parity,Equity,Risk Parity,2023-09-01,2023-10-02,2020-01-03,2023-08-31,922,True,Optimization terminated successfully,1.40219660658e-13,0,2.47087950898e-07,1,0.0110558142861,0.0360055151673
equity_risk_parity,Equity Risk Parity,Equity,Risk Parity,2023-10-02,2023-11-01,2020-01-03,2023-09-29,942,True,Optimization terminated successfully,1.39968387634e-13,0,2.45485056831e-07,1,0.0110880118929,0.0360283784856
equity_risk_parity,Equity Risk Parity,Equity,Risk Parity,2023-11-01,2023-12-01,2020-01-03,2023-10-31,964,True,Optimization terminated successfully,1.27435464291e-13,0,2.35041668295e-07,1,0.0111335363238,0.036202966734
equity_risk_parity,Equity Risk Parity,Equity,Risk Parity,2023-12-01,,2020-01-03,2023-11-30,985,True,Optimization terminated successfully,1.19976280866e-13,0,2.13990966974e-07,1,0.0111974419483,0.0364459100404
crypto_equal_weight,Crypto Equal Weight,Crypto,Equal Weight,2021-01-01,2021-02-01,2020-01-02,2020-12-31,365,True,deterministic equal weight,,0,,1,0.1,0.1
crypto_equal_weight,Crypto Equal Weight,Crypto,Equal Weight,2021-02-01,2021-03-01,2020-01-02,2021-01-31,396,True,deterministic equal weight,,0,,1,0.1,0.1
crypto_equal_weight,Crypto Equal Weight,Crypto,Equal Weight,2021-03-01,2021-04-01,2020-01-02,2021-02-28,424,True,deterministic equal weight,,0,,1,0.1,0.1
crypto_equal_weight,Crypto Equal Weight,Crypto,Equal Weight,2021-04-01,2021-05-01,2020-01-02,2021-03-31,455,True,deterministic equal weight,,0,,1,0.1,0.1
crypto_equal_weight,Crypto Equal Weight,Crypto,Equal Weight,2021-05-01,2021-06-01,2020-01-02,2021-04-30,485,True,deterministic equal weight,,0,,1,0.1,0.1
crypto_equal_weight,Crypto Equal Weight,Crypto,Equal Weight,2021-06-01,2021-07-01,2020-01-02,2021-05-31,516,True,deterministic equal weight,,0,,1,0.1,0.1
crypto_equal_weight,Crypto Equal Weight,Crypto,Equal Weight,2021-07-01,2021-08-01,2020-01-02,2021-06-30,546,True,deterministic equal weight,,0,,1,0.1,0.1
crypto_equal_weight,Crypto Equal Weight,Crypto,Equal Weight,2021-08-01,2021-09-01,2020-01-02,2021-07-31,577,True,deterministic equal weight,,0,,1,0.1,0.1
crypto_equal_weight,Crypto Equal Weight,Crypto,Equal Weight,2021-09-01,2021-10-01,2020-01-02,2021-08-31,608,True,deterministic equal weight,,0,,1,0.1,0.1
crypto_equal_weight,Crypto Equal Weight,Crypto,Equal Weight,2021-10-01,2021-11-01,2020-01-02,2021-09-30,638,True,deterministic equal weight,,0,,1,0.1,0.1
crypto_equal_weight,Crypto Equal Weight,Crypto,Equal Weight,2021-11-01,2021-12-01,2020-01-02,2021-10-31,669,True,deterministic equal weight,,0,,1,0.1,0.1
crypto_equal_weight,Crypto Equal Weight,Crypto,Equal Weight,2021-12-01,2022-01-01,2020-01-02,2021-11-30,699,True,deterministic equal weight,,0,,1,0.1,0.1
crypto_equal_weight,Crypto Equal Weight,Crypto,Equal Weight,2022-01-01,2022-02-01,2020-01-02,2021-12-31,730,True,deterministic equal weight,,0,,1,0.1,0.1
crypto_equal_weight,Crypto Equal Weight,Crypto,Equal Weight,2022-02-01,2022-03-01,2020-01-02,2022-01-31,761,True,deterministic equal weight,,0,,1,0.1,0.1
crypto_equal_weight,Crypto Equal Weight,Crypto,Equal Weight,2022-03-01,2022-04-01,2020-01-02,2022-02-28,789,True,deterministic equal weight,,0,,1,0.1,0.1
crypto_equal_weight,Crypto Equal Weight,Crypto,Equal Weight,2022-04-01,2022-05-01,2020-01-02,2022-03-31,820,True,deterministic equal weight,,0,,1,0.1,0.1
crypto_equal_weight,Crypto Equal Weight,Crypto,Equal Weight,2022-05-01,2022-06-01,2020-01-02,2022-04-30,850,True,deterministic equal weight,,0,,1,0.1,0.1
crypto_equal_weight,Crypto Equal Weight,Crypto,Equal Weight,2022-06-01,2022-07-01,2020-01-02,2022-05-31,881,True,deterministic equal weight,,0,,1,0.1,0.1
crypto_equal_weight,Crypto Equal Weight,Crypto,Equal Weight,2022-07-01,2022-08-01,2020-01-02,2022-06-30,911,True,deterministic equal weight,,0,,1,0.1,0.1
crypto_equal_weight,Crypto Equal Weight,Crypto,Equal Weight,2022-08-01,2022-09-01,2020-01-02,2022-07-31,942,True,deterministic equal weight,,0,,1,0.1,0.1
crypto_equal_weight,Crypto Equal Weight,Crypto,Equal Weight,2022-09-01,2022-10-01,2020-01-02,2022-08-31,973,True,deterministic equal weight,,0,,1,0.1,0.1
crypto_equal_weight,Crypto Equal Weight,Crypto,Equal Weight,2022-10-01,2022-11-01,2020-01-02,2022-09-30,1003,True,deterministic equal weight,,0,,1,0.1,0.1
crypto_equal_weight,Crypto Equal Weight,Crypto,Equal Weight,2022-11-01,2022-12-01,2020-01-02,2022-10-31,1034,True,deterministic equal weight,,0,,1,0.1,0.1
crypto_equal_weight,Crypto Equal Weight,Crypto,Equal Weight,2022-12-01,2023-01-01,2020-01-02,2022-11-30,1064,True,deterministic equal weight,,0,,1,0.1,0.1
crypto_equal_weight,Crypto Equal Weight,Crypto,Equal Weight,2023-01-01,2023-02-01,2020-01-02,2022-12-31,1095,True,deterministic equal weight,,0,,1,0.1,0.1
crypto_equal_weight,Crypto Equal Weight,Crypto,Equal Weight,2023-02-01,2023-03-01,2020-01-02,2023-01-31,1126,True,deterministic equal weight,,0,,1,0.1,0.1
crypto_equal_weight,Crypto Equal Weight,Crypto,Equal Weight,2023-03-01,2023-04-01,2020-01-02,2023-02-28,1154,True,deterministic equal weight,,0,,1,0.1,0.1
crypto_equal_weight,Crypto Equal Weight,Crypto,Equal Weight,2023-04-01,2023-05-01,2020-01-02,2023-03-31,1185,True,deterministic equal weight,,0,,1,0.1,0.1
crypto_equal_weight,Crypto Equal Weight,Crypto,Equal Weight,2023-05-01,2023-06-01,2020-01-02,2023-04-30,1215,True,deterministic equal weight,,0,,1,0.1,0.1
crypto_equal_weight,Crypto Equal Weight,Crypto,Equal Weight,2023-06-01,2023-07-01,2020-01-02,2023-05-31,1246,True,deterministic equal weight,,0,,1,0.1,0.1
crypto_equal_weight,Crypto Equal Weight,Crypto,Equal Weight,2023-07-01,2023-08-01,2020-01-02,2023-06-30,1276,True,deterministic equal weight,,0,,1,0.1,0.1
crypto_equal_weight,Crypto Equal Weight,Crypto,Equal Weight,2023-08-01,2023-09-01,2020-01-02,2023-07-31,1307,True,deterministic equal weight,,0,,1,0.1,0.1
crypto_equal_weight,Crypto Equal Weight,Crypto,Equal Weight,2023-09-01,2023-10-01,2020-01-02,2023-08-31,1338,True,deterministic equal weight,,0,,1,0.1,0.1
crypto_equal_weight,Crypto Equal Weight,Crypto,Equal Weight,2023-10-01,2023-11-01,2020-01-02,2023-09-30,1368,True,deterministic equal weight,,0,,1,0.1,0.1
crypto_equal_weight,Crypto Equal Weight,Crypto,Equal Weight,2023-11-01,2023-12-01,2020-01-02,2023-10-31,1399,True,deterministic equal weight,,0,,1,0.1,0.1
crypto_equal_weight,Crypto Equal Weight,Crypto,Equal Weight,2023-12-01,,2020-01-02,2023-11-30,1429,True,deterministic equal weight,,0,,1,0.1,0.1
crypto_minimum_variance,Crypto Minimum Variance,Crypto,Minimum Variance,2021-01-01,2021-02-01,2020-01-02,2020-12-31,365,True,Optimization terminated successfully,0.00189092630026,0,,1,0,0.2
crypto_minimum_variance,Crypto Minimum Variance,Crypto,Minimum Variance,2021-02-01,2021-03-01,2020-01-02,2021-01-31,396,True,Optimization terminated successfully,0.00195930041687,0,,1,0,0.2
crypto_minimum_variance,Crypto Minimum Variance,Crypto,Minimum Variance,2021-03-01,2021-04-01,2020-01-02,2021-02-28,424,True,Optimization terminated successfully,0.00204353334772,0,,1,0,0.2
crypto_minimum_variance,Crypto Minimum Variance,Crypto,Minimum Variance,2021-04-01,2021-05-01,2020-01-02,2021-03-31,455,True,Optimization terminated successfully,0.00200306466794,0,,1,0,0.2
crypto_minimum_variance,Crypto Minimum Variance,Crypto,Minimum Variance,2021-05-01,2021-06-01,2020-01-02,2021-04-30,485,True,Optimization terminated successfully,0.00205505491998,0,,1,0,0.2
crypto_minimum_variance,Crypto Minimum Variance,Crypto,Minimum Variance,2021-06-01,2021-07-01,2020-01-02,2021-05-31,516,True,Optimization terminated successfully,0.00246637600828,0,,1,0,0.2
crypto_minimum_variance,Crypto Minimum Variance,Crypto,Minimum Variance,2021-07-01,2021-08-01,2020-01-02,2021-06-30,546,True,Optimization terminated successfully,0.00249067008467,0,,1,0,0.2
crypto_minimum_variance,Crypto Minimum Variance,Crypto,Minimum Variance,2021-08-01,2021-09-01,2020-01-02,2021-07-31,577,True,Optimization terminated successfully,0.00240879307074,0,,1,0,0.2
crypto_minimum_variance,Crypto Minimum Variance,Crypto,Minimum Variance,2021-09-01,2021-10-01,2020-01-02,2021-08-31,608,True,Optimization terminated successfully,0.00236241445423,0,,1,0,0.2
crypto_minimum_variance,Crypto Minimum Variance,Crypto,Minimum Variance,2021-10-01,2021-11-01,2020-01-02,2021-09-30,638,True,Optimization terminated successfully,0.00237907679134,0,,1,0,0.2
crypto_minimum_variance,Crypto Minimum Variance,Crypto,Minimum Variance,2021-11-01,2021-12-01,2020-01-02,2021-10-31,669,True,Optimization terminated successfully,0.00231173989833,0,,1,0,0.2
crypto_minimum_variance,Crypto Minimum Variance,Crypto,Minimum Variance,2021-12-01,2022-01-01,2020-01-02,2021-11-30,699,True,Optimization terminated successfully,0.00226926483216,0,,1,0,0.2
crypto_minimum_variance,Crypto Minimum Variance,Crypto,Minimum Variance,2022-01-01,2022-02-01,2020-01-02,2021-12-31,730,True,Optimization terminated successfully,0.00223198428278,0,,1,0,0.2
crypto_minimum_variance,Crypto Minimum Variance,Crypto,Minimum Variance,2022-02-01,2022-03-01,2020-01-02,2022-01-31,761,True,Optimization terminated successfully,0.00219459932291,0,,1,0,0.2
crypto_minimum_variance,Crypto Minimum Variance,Crypto,Minimum Variance,2022-03-01,2022-04-01,2020-01-02,2022-02-28,789,True,Optimization terminated successfully,0.00217919909109,0,,1,0,0.2
crypto_minimum_variance,Crypto Minimum Variance,Crypto,Minimum Variance,2022-04-01,2022-05-01,2020-01-02,2022-03-31,820,True,Optimization terminated successfully,0.00212394551874,0,,1,0,0.2
crypto_minimum_variance,Crypto Minimum Variance,Crypto,Minimum Variance,2022-05-01,2022-06-01,2020-01-02,2022-04-30,850,True,Optimization terminated successfully,0.0020836404781,0,,1,0,0.2
crypto_minimum_variance,Crypto Minimum Variance,Crypto,Minimum Variance,2022-06-01,2022-07-01,2020-01-02,2022-05-31,881,True,Optimization terminated successfully,0.00211589073843,0,,1,0,0.2
crypto_minimum_variance,Crypto Minimum Variance,Crypto,Minimum Variance,2022-07-01,2022-08-01,2020-01-02,2022-06-30,911,True,Optimization terminated successfully,0.00212061277956,0,,1,0,0.2
crypto_minimum_variance,Crypto Minimum Variance,Crypto,Minimum Variance,2022-08-01,2022-09-01,2020-01-02,2022-07-31,942,True,Optimization terminated successfully,0.00208906997862,0,,1,0,0.2
crypto_minimum_variance,Crypto Minimum Variance,Crypto,Minimum Variance,2022-09-01,2022-10-01,2020-01-02,2022-08-31,973,True,Optimization terminated successfully,0.00204928827903,0,,1,0,0.2
crypto_minimum_variance,Crypto Minimum Variance,Crypto,Minimum Variance,2022-10-01,2022-11-01,2020-01-02,2022-09-30,1003,True,Optimization terminated successfully,0.00201390290845,0,,1,0,0.2
crypto_minimum_variance,Crypto Minimum Variance,Crypto,Minimum Variance,2022-11-01,2022-12-01,2020-01-02,2022-10-31,1034,True,Optimization terminated successfully,0.00196281391729,0,,1,0,0.2
crypto_minimum_variance,Crypto Minimum Variance,Crypto,Minimum Variance,2022-12-01,2023-01-01,2020-01-02,2022-11-30,1064,True,Optimization terminated successfully,0.00197317571131,0,,1,0,0.2
crypto_minimum_variance,Crypto Minimum Variance,Crypto,Minimum Variance,2023-01-01,2023-02-01,2020-01-02,2022-12-31,1095,True,Optimization terminated successfully,0.00192754111711,0,,1,0,0.2
crypto_minimum_variance,Crypto Minimum Variance,Crypto,Minimum Variance,2023-02-01,2023-03-01,2020-01-02,2023-01-31,1126,True,Optimization terminated successfully,0.00188965617109,0,,1,0,0.2
crypto_minimum_variance,Crypto Minimum Variance,Crypto,Minimum Variance,2023-03-01,2023-04-01,2020-01-02,2023-02-28,1154,True,Optimization terminated successfully,0.00185973649977,0,,1,0,0.2
crypto_minimum_variance,Crypto Minimum Variance,Crypto,Minimum Variance,2023-04-01,2023-05-01,2020-01-02,2023-03-31,1185,True,Optimization terminated successfully,0.00184166853881,0,,1,0,0.2
crypto_minimum_variance,Crypto Minimum Variance,Crypto,Minimum Variance,2023-05-01,2023-06-01,2020-01-02,2023-04-30,1215,True,Optimization terminated successfully,0.0018048511524,0,,1,0,0.2
crypto_minimum_variance,Crypto Minimum Variance,Crypto,Minimum Variance,2023-06-01,2023-07-01,2020-01-02,2023-05-31,1246,True,Optimization terminated successfully,0.00176569347083,0,,1,0,0.2
crypto_minimum_variance,Crypto Minimum Variance,Crypto,Minimum Variance,2023-07-01,2023-08-01,2020-01-02,2023-06-30,1276,True,Optimization terminated successfully,0.00174147874494,0,,1,0,0.2
crypto_minimum_variance,Crypto Minimum Variance,Crypto,Minimum Variance,2023-08-01,2023-09-01,2020-01-02,2023-07-31,1307,True,Optimization terminated successfully,0.00172340016734,0,,1,0,0.2
crypto_minimum_variance,Crypto Minimum Variance,Crypto,Minimum Variance,2023-09-01,2023-10-01,2020-01-02,2023-08-31,1338,True,Optimization terminated successfully,0.00169434307147,0,,1,0,0.2
crypto_minimum_variance,Crypto Minimum Variance,Crypto,Minimum Variance,2023-10-01,2023-11-01,2020-01-02,2023-09-30,1368,True,Optimization terminated successfully,0.00166029962462,0,,1,0,0.2
crypto_minimum_variance,Crypto Minimum Variance,Crypto,Minimum Variance,2023-11-01,2023-12-01,2020-01-02,2023-10-31,1399,True,Optimization terminated successfully,0.00162974321036,0,,1,0,0.2
crypto_minimum_variance,Crypto Minimum Variance,Crypto,Minimum Variance,2023-12-01,,2020-01-02,2023-11-30,1429,True,Optimization terminated successfully,0.00160477356201,0,,1,0,0.2
crypto_risk_parity,Crypto Risk Parity,Crypto,Risk Parity,2021-01-01,2021-02-01,2020-01-02,2020-12-31,365,True,Optimization terminated successfully,1.82218000719e-12,0,8.34737253333e-07,1,0.0903870761462,0.139961557416
crypto_risk_parity,Crypto Risk Parity,Crypto,Risk Parity,2021-02-01,2021-03-01,2020-01-02,2021-01-31,396,True,Optimization terminated successfully,1.65036628395e-13,0,2.99163995784e-07,1,0.0840241229959,0.140824298283
crypto_risk_parity,Crypto Risk Parity,Crypto,Risk Parity,2021-03-01,2021-04-01,2020-01-02,2021-02-28,424,True,Optimization terminated successfully,4.3168652444e-13,0,3.66741917904e-07,1,0.0848921831985,0.141359783845
crypto_risk_parity,Crypto Risk Parity,Crypto,Risk Parity,2021-04-01,2021-05-01,2020-01-02,2021-03-31,455,True,Optimization terminated successfully,5.52951094451e-14,0,1.35609660931e-07,1,0.0861071145851,0.140612108472
crypto_risk_parity,Crypto Risk Parity,Crypto,Risk Parity,2021-05-01,2021-06-01,2020-01-02,2021-04-30,485,True,Optimization terminated successfully,2.71287837132e-14,0,9.0437722422e-08,1,0.0858132680141,0.144671928479
crypto_risk_parity,Crypto Risk Parity,Crypto,Risk Parity,2021-06-01,2021-07-01,2020-01-02,2021-05-31,516,True,Optimization terminated successfully,1.62037143836e-13,0,2.09329364245e-07,1,0.0841793550808,0.154161350385
crypto_risk_parity,Crypto Risk Parity,Crypto,Risk Parity,2021-07-01,2021-08-01,2020-01-02,2021-06-30,546,True,Optimization terminated successfully,1.90037676729e-13,0,2.49741457709e-07,1,0.0845076113209,0.152599877161
crypto_risk_parity,Crypto Risk Parity,Crypto,Risk Parity,2021-08-01,2021-09-01,2020-01-02,2021-07-31,577,True,Optimization terminated successfully,1.397746862e-13,0,1.98688676026e-07,1,0.0846558476254,0.151764085384
crypto_risk_parity,Crypto Risk Parity,Crypto,Risk Parity,2021-09-01,2021-10-01,2020-01-02,2021-08-31,608,True,Optimization terminated successfully,4.56260391986e-13,0,4.29803069774e-07,1,0.0847503765301,0.151830430603
crypto_risk_parity,Crypto Risk Parity,Crypto,Risk Parity,2021-10-01,2021-11-01,2020-01-02,2021-09-30,638,True,Optimization terminated successfully,3.14132750199e-13,0,3.96488932644e-07,1,0.0846152077503,0.151278567297
crypto_risk_parity,Crypto Risk Parity,Crypto,Risk Parity,2021-11-01,2021-12-01,2020-01-02,2021-10-31,669,True,Optimization terminated successfully,4.78036522129e-13,0,4.10435595746e-07,1,0.0846343503408,0.150621717262
crypto_risk_parity,Crypto Risk Parity,Crypto,Risk Parity,2021-12-01,2022-01-01,2020-01-02,2021-11-30,699,True,Optimization terminated successfully,1.26383261256e-13,0,2.27506145672e-07,1,0.0848251787029,0.15020579581
crypto_risk_parity,Crypto Risk Parity,Crypto,Risk Parity,2022-01-01,2022-02-01,2020-01-02,2021-12-31,730,True,Optimization terminated successfully,9.93568127688e-14,0,1.77329607345e-07,1,0.0844520021613,0.1495048427
crypto_risk_parity,Crypto Risk Parity,Crypto,Risk Parity,2022-02-01,2022-03-01,2020-01-02,2022-01-31,761,True,Optimization terminated successfully,4.66290151489e-13,0,3.11049682539e-07,1,0.0848193558868,0.149276485104
crypto_risk_parity,Crypto Risk Parity,Crypto,Risk Parity,2022-03-01,2022-04-01,2020-01-02,2022-02-28,789,True,Optimization terminated successfully,4.77667573476e-13,0,3.55931635193e-07,1,0.0853133717148,0.147697223501
crypto_risk_parity,Crypto Risk Parity,Crypto,Risk Parity,2022-04-01,2022-05-01,2020-01-02,2022-03-31,820,True,Optimization terminated successfully,4.57501120776e-13,0,3.39063678467e-07,1,0.0854053962959,0.146902211351
crypto_risk_parity,Crypto Risk Parity,Crypto,Risk Parity,2022-05-01,2022-06-01,2020-01-02,2022-04-30,850,True,Optimization terminated successfully,6.16925561296e-13,0,3.98548465549e-07,1,0.0851529413966,0.14679009736
crypto_risk_parity,Crypto Risk Parity,Crypto,Risk Parity,2022-06-01,2022-07-01,2020-01-02,2022-05-31,881,True,Optimization terminated successfully,6.43297823834e-13,0,4.6532861904e-07,1,0.0855475761662,0.146904791242
crypto_risk_parity,Crypto Risk Parity,Crypto,Risk Parity,2022-07-01,2022-08-01,2020-01-02,2022-06-30,911,True,Optimization terminated successfully,3.10368189361e-13,0,2.5988922786e-07,1,0.0860139682956,0.145366948056
crypto_risk_parity,Crypto Risk Parity,Crypto,Risk Parity,2022-08-01,2022-09-01,2020-01-02,2022-07-31,942,True,Optimization terminated successfully,1.16385940738e-13,0,1.82204785315e-07,1,0.086444860521,0.145061829057
crypto_risk_parity,Crypto Risk Parity,Crypto,Risk Parity,2022-09-01,2022-10-01,2020-01-02,2022-08-31,973,True,Optimization terminated successfully,2.27354303225e-13,0,2.59022059107e-07,1,0.0860294180377,0.144743999573
crypto_risk_parity,Crypto Risk Parity,Crypto,Risk Parity,2022-10-01,2022-11-01,2020-01-02,2022-09-30,1003,True,Optimization terminated successfully,2.235590008e-13,0,2.53413969392e-07,1,0.0855007092595,0.144493067097
crypto_risk_parity,Crypto Risk Parity,Crypto,Risk Parity,2022-11-01,2022-12-01,2020-01-02,2022-10-31,1034,True,Optimization terminated successfully,1.47035253629e-13,0,2.21696283637e-07,1,0.0855646691268,0.144468291361
crypto_risk_parity,Crypto Risk Parity,Crypto,Risk Parity,2022-12-01,2023-01-01,2020-01-02,2022-11-30,1064,True,Optimization terminated successfully,2.10079469354e-13,0,3.05935777101e-07,1,0.0858132317456,0.143702146852
crypto_risk_parity,Crypto Risk Parity,Crypto,Risk Parity,2023-01-01,2023-02-01,2020-01-02,2022-12-31,1095,True,Optimization terminated successfully,5.15152350907e-14,0,1.14814929231e-07,1,0.0856633911176,0.143755505637
crypto_risk_parity,Crypto Risk Parity,Crypto,Risk Parity,2023-02-01,2023-03-01,2020-01-02,2023-01-31,1126,True,Optimization terminated successfully,4.81910266002e-13,0,5.77499070856e-07,1,0.0854310155318,0.143513443406
crypto_risk_parity,Crypto Risk Parity,Crypto,Risk Parity,2023-03-01,2023-04-01,2020-01-02,2023-02-28,1154,True,Optimization terminated successfully,7.93741406256e-14,0,1.51448937447e-07,1,0.0854388312172,0.143167983328
crypto_risk_parity,Crypto Risk Parity,Crypto,Risk Parity,2023-04-01,2023-05-01,2020-01-02,2023-03-31,1185,True,Optimization terminated successfully,5.50157549098e-14,0,1.28488340648e-07,1,0.0854787209826,0.14260147474
crypto_risk_parity,Crypto Risk Parity,Crypto,Risk Parity,2023-05-01,2023-06-01,2020-01-02,2023-04-30,1215,True,Optimization terminated successfully,3.16257464154e-14,0,1.06295785701e-07,1,0.0855064189168,0.142432321947
crypto_risk_parity,Crypto Risk Parity,Crypto,Risk Parity,2023-06-01,2023-07-01,2020-01-02,2023-05-31,1246,True,Optimization terminated successfully,4.15751777826e-13,0,4.74698067493e-07,1,0.085544721692,0.142244313718
crypto_risk_parity,Crypto Risk Parity,Crypto,Risk Parity,2023-07-01,2023-08-01,2020-01-02,2023-06-30,1276,True,Optimization terminated successfully,4.2376792761e-13,0,4.31343008769e-07,1,0.0853018886183,0.142649265386
crypto_risk_parity,Crypto Risk Parity,Crypto,Risk Parity,2023-08-01,2023-09-01,2020-01-02,2023-07-31,1307,True,Optimization terminated successfully,1.68077062089e-13,0,2.56998053699e-07,1,0.0859611728787,0.143892784125
crypto_risk_parity,Crypto Risk Parity,Crypto,Risk Parity,2023-09-01,2023-10-01,2020-01-02,2023-08-31,1338,True,Optimization terminated successfully,2.88330135551e-13,0,3.07600846225e-07,1,0.0860549956573,0.143759826851
crypto_risk_parity,Crypto Risk Parity,Crypto,Risk Parity,2023-10-01,2023-11-01,2020-01-02,2023-09-30,1368,True,Optimization terminated successfully,1.8483877164e-13,0,2.93269307575e-07,1,0.0860768810226,0.14373069426
crypto_risk_parity,Crypto Risk Parity,Crypto,Risk Parity,2023-11-01,2023-12-01,2020-01-02,2023-10-31,1399,True,Optimization terminated successfully,4.41588949454e-14,0,1.04956408106e-07,1,0.0861346817842,0.143374768897
crypto_risk_parity,Crypto Risk Parity,Crypto,Risk Parity,2023-12-01,,2020-01-02,2023-11-30,1429,True,Optimization terminated successfully,3.00984510577e-13,0,3.04435525844e-07,1,0.0861053726285,0.143184012623
combined_equal_weight,Combined Equal Weight,Combined,Equal Weight,2021-01-04,2021-02-01,2020-01-03,2020-12-31,252,True,deterministic equal weight,,0,,1,0.0166666666667,0.0166666666667
combined_equal_weight,Combined Equal Weight,Combined,Equal Weight,2021-02-01,2021-03-01,2020-01-03,2021-01-29,271,True,deterministic equal weight,,0,,1,0.0166666666667,0.0166666666667
combined_equal_weight,Combined Equal Weight,Combined,Equal Weight,2021-03-01,2021-04-01,2020-01-03,2021-02-26,290,True,deterministic equal weight,,0,,1,0.0166666666667,0.0166666666667
combined_equal_weight,Combined Equal Weight,Combined,Equal Weight,2021-04-01,2021-05-03,2020-01-03,2021-03-31,313,True,deterministic equal weight,,0,,1,0.0166666666667,0.0166666666667
combined_equal_weight,Combined Equal Weight,Combined,Equal Weight,2021-05-03,2021-06-01,2020-01-03,2021-04-30,334,True,deterministic equal weight,,0,,1,0.0166666666667,0.0166666666667
combined_equal_weight,Combined Equal Weight,Combined,Equal Weight,2021-06-01,2021-07-01,2020-01-03,2021-05-28,354,True,deterministic equal weight,,0,,1,0.0166666666667,0.0166666666667
combined_equal_weight,Combined Equal Weight,Combined,Equal Weight,2021-07-01,2021-08-02,2020-01-03,2021-06-30,376,True,deterministic equal weight,,0,,1,0.0166666666667,0.0166666666667
combined_equal_weight,Combined Equal Weight,Combined,Equal Weight,2021-08-02,2021-09-01,2020-01-03,2021-07-30,397,True,deterministic equal weight,,0,,1,0.0166666666667,0.0166666666667
combined_equal_weight,Combined Equal Weight,Combined,Equal Weight,2021-09-01,2021-10-01,2020-01-03,2021-08-31,419,True,deterministic equal weight,,0,,1,0.0166666666667,0.0166666666667
combined_equal_weight,Combined Equal Weight,Combined,Equal Weight,2021-10-01,2021-11-01,2020-01-03,2021-09-30,440,True,deterministic equal weight,,0,,1,0.0166666666667,0.0166666666667
combined_equal_weight,Combined Equal Weight,Combined,Equal Weight,2021-11-01,2021-12-01,2020-01-03,2021-10-29,461,True,deterministic equal weight,,0,,1,0.0166666666667,0.0166666666667
combined_equal_weight,Combined Equal Weight,Combined,Equal Weight,2021-12-01,2022-01-03,2020-01-03,2021-11-30,482,True,deterministic equal weight,,0,,1,0.0166666666667,0.0166666666667
combined_equal_weight,Combined Equal Weight,Combined,Equal Weight,2022-01-03,2022-02-01,2020-01-03,2021-12-31,504,True,deterministic equal weight,,0,,1,0.0166666666667,0.0166666666667
combined_equal_weight,Combined Equal Weight,Combined,Equal Weight,2022-02-01,2022-03-01,2020-01-03,2022-01-31,524,True,deterministic equal weight,,0,,1,0.0166666666667,0.0166666666667
combined_equal_weight,Combined Equal Weight,Combined,Equal Weight,2022-03-01,2022-04-01,2020-01-03,2022-02-28,543,True,deterministic equal weight,,0,,1,0.0166666666667,0.0166666666667
combined_equal_weight,Combined Equal Weight,Combined,Equal Weight,2022-04-01,2022-05-02,2020-01-03,2022-03-31,566,True,deterministic equal weight,,0,,1,0.0166666666667,0.0166666666667
combined_equal_weight,Combined Equal Weight,Combined,Equal Weight,2022-05-02,2022-06-01,2020-01-03,2022-04-29,586,True,deterministic equal weight,,0,,1,0.0166666666667,0.0166666666667
combined_equal_weight,Combined Equal Weight,Combined,Equal Weight,2022-06-01,2022-07-01,2020-01-03,2022-05-31,607,True,deterministic equal weight,,0,,1,0.0166666666667,0.0166666666667
combined_equal_weight,Combined Equal Weight,Combined,Equal Weight,2022-07-01,2022-08-01,2020-01-03,2022-06-30,628,True,deterministic equal weight,,0,,1,0.0166666666667,0.0166666666667
combined_equal_weight,Combined Equal Weight,Combined,Equal Weight,2022-08-01,2022-09-01,2020-01-03,2022-07-29,648,True,deterministic equal weight,,0,,1,0.0166666666667,0.0166666666667
combined_equal_weight,Combined Equal Weight,Combined,Equal Weight,2022-09-01,2022-10-03,2020-01-03,2022-08-31,671,True,deterministic equal weight,,0,,1,0.0166666666667,0.0166666666667
combined_equal_weight,Combined Equal Weight,Combined,Equal Weight,2022-10-03,2022-11-01,2020-01-03,2022-09-30,692,True,deterministic equal weight,,0,,1,0.0166666666667,0.0166666666667
combined_equal_weight,Combined Equal Weight,Combined,Equal Weight,2022-11-01,2022-12-01,2020-01-03,2022-10-31,713,True,deterministic equal weight,,0,,1,0.0166666666667,0.0166666666667
combined_equal_weight,Combined Equal Weight,Combined,Equal Weight,2022-12-01,2023-01-03,2020-01-03,2022-11-30,734,True,deterministic equal weight,,0,,1,0.0166666666667,0.0166666666667
combined_equal_weight,Combined Equal Weight,Combined,Equal Weight,2023-01-03,2023-02-01,2020-01-03,2022-12-30,755,True,deterministic equal weight,,0,,1,0.0166666666667,0.0166666666667
combined_equal_weight,Combined Equal Weight,Combined,Equal Weight,2023-02-01,2023-03-01,2020-01-03,2023-01-31,775,True,deterministic equal weight,,0,,1,0.0166666666667,0.0166666666667
combined_equal_weight,Combined Equal Weight,Combined,Equal Weight,2023-03-01,2023-04-03,2020-01-03,2023-02-28,794,True,deterministic equal weight,,0,,1,0.0166666666667,0.0166666666667
combined_equal_weight,Combined Equal Weight,Combined,Equal Weight,2023-04-03,2023-05-01,2020-01-03,2023-03-31,817,True,deterministic equal weight,,0,,1,0.0166666666667,0.0166666666667
combined_equal_weight,Combined Equal Weight,Combined,Equal Weight,2023-05-01,2023-06-01,2020-01-03,2023-04-28,836,True,deterministic equal weight,,0,,1,0.0166666666667,0.0166666666667
combined_equal_weight,Combined Equal Weight,Combined,Equal Weight,2023-06-01,2023-07-03,2020-01-03,2023-05-31,858,True,deterministic equal weight,,0,,1,0.0166666666667,0.0166666666667
combined_equal_weight,Combined Equal Weight,Combined,Equal Weight,2023-07-03,2023-08-01,2020-01-03,2023-06-30,879,True,deterministic equal weight,,0,,1,0.0166666666667,0.0166666666667
combined_equal_weight,Combined Equal Weight,Combined,Equal Weight,2023-08-01,2023-09-01,2020-01-03,2023-07-31,899,True,deterministic equal weight,,0,,1,0.0166666666667,0.0166666666667
combined_equal_weight,Combined Equal Weight,Combined,Equal Weight,2023-09-01,2023-10-02,2020-01-03,2023-08-31,922,True,deterministic equal weight,,0,,1,0.0166666666667,0.0166666666667
combined_equal_weight,Combined Equal Weight,Combined,Equal Weight,2023-10-02,2023-11-01,2020-01-03,2023-09-29,942,True,deterministic equal weight,,0,,1,0.0166666666667,0.0166666666667
combined_equal_weight,Combined Equal Weight,Combined,Equal Weight,2023-11-01,2023-12-01,2020-01-03,2023-10-31,964,True,deterministic equal weight,,0,,1,0.0166666666667,0.0166666666667
combined_equal_weight,Combined Equal Weight,Combined,Equal Weight,2023-12-01,,2020-01-03,2023-11-30,985,True,deterministic equal weight,,0,,1,0.0166666666667,0.0166666666667
combined_minimum_variance,Combined Minimum Variance,Combined,Minimum Variance,2021-01-04,2021-02-01,2020-01-03,2020-12-31,252,True,Optimization terminated successfully,0.000233194996229,0,,1,0,0.2
combined_minimum_variance,Combined Minimum Variance,Combined,Minimum Variance,2021-02-01,2021-03-01,2020-01-03,2021-01-29,271,True,Optimization terminated successfully,0.000220726572611,0,,1,0,0.2
combined_minimum_variance,Combined Minimum Variance,Combined,Minimum Variance,2021-03-01,2021-04-01,2020-01-03,2021-02-26,290,True,Optimization terminated successfully,0.000210202323001,0,,1,0,0.2
combined_minimum_variance,Combined Minimum Variance,Combined,Minimum Variance,2021-04-01,2021-05-03,2020-01-03,2021-03-31,313,True,Optimization terminated successfully,0.000199684122379,0,,1,0,0.2
combined_minimum_variance,Combined Minimum Variance,Combined,Minimum Variance,2021-05-03,2021-06-01,2020-01-03,2021-04-30,334,True,Optimization terminated successfully,0.000188996741285,0,,1,0,0.2
combined_minimum_variance,Combined Minimum Variance,Combined,Minimum Variance,2021-06-01,2021-07-01,2020-01-03,2021-05-28,354,True,Optimization terminated successfully,0.000181282870331,0,,1,0,0.2
combined_minimum_variance,Combined Minimum Variance,Combined,Minimum Variance,2021-07-01,2021-08-02,2020-01-03,2021-06-30,376,True,Optimization terminated successfully,0.000173012110495,0,,1,0,0.2
combined_minimum_variance,Combined Minimum Variance,Combined,Minimum Variance,2021-08-02,2021-09-01,2020-01-03,2021-07-30,397,True,Optimization terminated successfully,0.000164931519275,0,,1,0,0.2
combined_minimum_variance,Combined Minimum Variance,Combined,Minimum Variance,2021-09-01,2021-10-01,2020-01-03,2021-08-31,419,True,Optimization terminated successfully,0.000157904426013,0,,1,0,0.2
combined_minimum_variance,Combined Minimum Variance,Combined,Minimum Variance,2021-10-01,2021-11-01,2020-01-03,2021-09-30,440,True,Optimization terminated successfully,0.000152867100813,0,,1,0,0.2
combined_minimum_variance,Combined Minimum Variance,Combined,Minimum Variance,2021-11-01,2021-12-01,2020-01-03,2021-10-29,461,True,Optimization terminated successfully,0.000147431515773,0,,1,0,0.2
combined_minimum_variance,Combined Minimum Variance,Combined,Minimum Variance,2021-12-01,2022-01-03,2020-01-03,2021-11-30,482,True,Optimization terminated successfully,0.00014303690607,0,,1,0,0.2
combined_minimum_variance,Combined Minimum Variance,Combined,Minimum Variance,2022-01-03,2022-02-01,2020-01-03,2021-12-31,504,True,Optimization terminated successfully,0.000138946739756,0,,1,0,0.2
combined_minimum_variance,Combined Minimum Variance,Combined,Minimum Variance,2022-02-01,2022-03-01,2020-01-03,2022-01-31,524,True,Optimization terminated successfully,0.000135110587904,0,,1,0,0.2
combined_minimum_variance,Combined Minimum Variance,Combined,Minimum Variance,2022-03-01,2022-04-01,2020-01-03,2022-02-28,543,True,Optimization terminated successfully,0.00013256906756,0,,1,0,0.2
combined_minimum_variance,Combined Minimum Variance,Combined,Minimum Variance,2022-04-01,2022-05-02,2020-01-03,2022-03-31,566,True,Optimization terminated successfully,0.000129397307502,0,,1,0,0.2
combined_minimum_variance,Combined Minimum Variance,Combined,Minimum Variance,2022-05-02,2022-06-01,2020-01-03,2022-04-29,586,True,Optimization terminated successfully,0.000129127050013,0,,1,0,0.2
combined_minimum_variance,Combined Minimum Variance,Combined,Minimum Variance,2022-06-01,2022-07-01,2020-01-03,2022-05-31,607,True,Optimization terminated successfully,0.000128509645556,0,,1,0,0.186700062195
combined_minimum_variance,Combined Minimum Variance,Combined,Minimum Variance,2022-07-01,2022-08-01,2020-01-03,2022-06-30,628,True,Optimization terminated successfully,0.000128855185386,0,,1,0,0.188709143841
combined_minimum_variance,Combined Minimum Variance,Combined,Minimum Variance,2022-08-01,2022-09-01,2020-01-03,2022-07-29,648,True,Optimization terminated successfully,0.000126241353262,0,,1,0,0.188575623856
combined_minimum_variance,Combined Minimum Variance,Combined,Minimum Variance,2022-09-01,2022-10-03,2020-01-03,2022-08-31,671,True,Optimization terminated successfully,0.000124897441534,0,,1,0,0.184317010279
combined_minimum_variance,Combined Minimum Variance,Combined,Minimum Variance,2022-10-03,2022-11-01,2020-01-03,2022-09-30,692,True,Optimization terminated successfully,0.000125829423877,0,,1,0,0.190195556473
combined_minimum_variance,Combined Minimum Variance,Combined,Minimum Variance,2022-11-01,2022-12-01,2020-01-03,2022-10-31,713,True,Optimization terminated successfully,0.000127192677385,0,,1,0,0.192560355127
combined_minimum_variance,Combined Minimum Variance,Combined,Minimum Variance,2022-12-01,2023-01-03,2020-01-03,2022-11-30,734,True,Optimization terminated successfully,0.000126793606007,0,,1,0,0.196187669068
combined_minimum_variance,Combined Minimum Variance,Combined,Minimum Variance,2023-01-03,2023-02-01,2020-01-03,2022-12-30,755,True,Optimization terminated successfully,0.000125099389384,0,,1,0,0.196218778214
combined_minimum_variance,Combined Minimum Variance,Combined,Minimum Variance,2023-02-01,2023-03-01,2020-01-03,2023-01-31,775,True,Optimization terminated successfully,0.000123939431591,0,,1,0,0.193760336869
combined_minimum_variance,Combined Minimum Variance,Combined,Minimum Variance,2023-03-01,2023-04-03,2020-01-03,2023-02-28,794,True,Optimization terminated successfully,0.00012248770199,0,,1,0,0.192408023312
combined_minimum_variance,Combined Minimum Variance,Combined,Minimum Variance,2023-04-03,2023-05-01,2020-01-03,2023-03-31,817,True,Optimization terminated successfully,0.000120731476093,0,,1,0,0.194698383746
combined_minimum_variance,Combined Minimum Variance,Combined,Minimum Variance,2023-05-01,2023-06-01,2020-01-03,2023-04-28,836,True,Optimization terminated successfully,0.000118891616815,0,,1,0,0.196630833233
combined_minimum_variance,Combined Minimum Variance,Combined,Minimum Variance,2023-06-01,2023-07-03,2020-01-03,2023-05-31,858,True,Optimization terminated successfully,0.000116630693897,0,,1,0,0.19703501456
combined_minimum_variance,Combined Minimum Variance,Combined,Minimum Variance,2023-07-03,2023-08-01,2020-01-03,2023-06-30,879,True,Optimization terminated successfully,0.000114726430784,0,,1,0,0.199124716689
combined_minimum_variance,Combined Minimum Variance,Combined,Minimum Variance,2023-08-01,2023-09-01,2020-01-03,2023-07-31,899,True,Optimization terminated successfully,0.000112909179161,0,,1,0,0.198632193302
combined_minimum_variance,Combined Minimum Variance,Combined,Minimum Variance,2023-09-01,2023-10-02,2020-01-03,2023-08-31,922,True,Optimization terminated successfully,0.000111100335397,0,,1,0,0.198735819998
combined_minimum_variance,Combined Minimum Variance,Combined,Minimum Variance,2023-10-02,2023-11-01,2020-01-03,2023-09-29,942,True,Optimization terminated successfully,0.000109505752742,0,,1,0,0.199647197723
combined_minimum_variance,Combined Minimum Variance,Combined,Minimum Variance,2023-11-01,2023-12-01,2020-01-03,2023-10-31,964,True,Optimization terminated successfully,0.000108176478813,0,,1,0,0.2
combined_minimum_variance,Combined Minimum Variance,Combined,Minimum Variance,2023-12-01,,2020-01-03,2023-11-30,985,True,Optimization terminated successfully,0.0001068334534,0,,1,0,0.198439162381
combined_risk_parity,Combined Risk Parity,Combined,Risk Parity,2021-01-04,2021-02-01,2020-01-03,2020-12-31,252,True,Optimization terminated successfully,1.19446498803e-13,0,1.47518342163e-07,1,0.00905077882937,0.0350170017196
combined_risk_parity,Combined Risk Parity,Combined,Risk Parity,2021-02-01,2021-03-01,2020-01-03,2021-01-29,271,True,Optimization terminated successfully,1.36115906856e-13,0,2.01748682597e-07,1,0.00904614951581,0.0340617356553
combined_risk_parity,Combined Risk Parity,Combined,Risk Parity,2021-03-01,2021-04-01,2020-01-03,2021-02-26,290,True,Optimization terminated successfully,2.12743139382e-13,0,2.51497433591e-07,1,0.00897110490725,0.033874384375
combined_risk_parity,Combined Risk Parity,Combined,Risk Parity,2021-04-01,2021-05-03,2020-01-03,2021-03-31,313,True,Optimization terminated successfully,2.17324037485e-13,0,1.98413902239e-07,1,0.0090369362727,0.0335542008253
combined_risk_parity,Combined Risk Parity,Combined,Risk Parity,2021-05-03,2021-06-01,2020-01-03,2021-04-30,334,True,Optimization terminated successfully,2.15675330649e-13,0,2.37043849577e-07,1,0.00913472282338,0.0330192885435
combined_risk_parity,Combined Risk Parity,Combined,Risk Parity,2021-06-01,2021-07-01,2020-01-03,2021-05-28,354,True,Optimization terminated successfully,3.72946884122e-13,0,1.9246359572e-07,1,0.00844030622149,0.0328126340795
combined_risk_parity,Combined Risk Parity,Combined,Risk Parity,2021-07-01,2021-08-02,2020-01-03,2021-06-30,376,True,Optimization terminated successfully,1.71299135611e-13,0,1.44491005383e-07,1,0.00832537357249,0.03274217433
combined_risk_parity,Combined Risk Parity,Combined,Risk Parity,2021-08-02,2021-09-01,2020-01-03,2021-07-30,397,True,Optimization terminated successfully,2.41332523619e-13,0,1.65247619796e-07,1,0.00828245913176,0.0327862507902
combined_risk_parity,Combined Risk Parity,Combined,Risk Parity,2021-09-01,2021-10-01,2020-01-03,2021-08-31,419,True,Optimization terminated successfully,4.02620863279e-13,0,2.03019331041e-07,1,0.00818694780972,0.0328651389514
combined_risk_parity,Combined Risk Parity,Combined,Risk Parity,2021-10-01,2021-11-01,2020-01-03,2021-09-30,440,True,Optimization terminated successfully,1.88165030921e-13,0,1.64543363747e-07,1,0.00798729386431,0.0328689459123
combined_risk_parity,Combined Risk Parity,Combined,Risk Parity,2021-11-01,2021-12-01,2020-01-03,2021-10-29,461,True,Optimization terminated successfully,2.27247254902e-13,0,1.86835616447e-07,1,0.00794156429567,0.0328960833827
combined_risk_parity,Combined Risk Parity,Combined,Risk Parity,2021-12-01,2022-01-03,2020-01-03,2021-11-30,482,True,Optimization terminated successfully,2.77866357876e-13,0,1.93594741651e-07,1,0.00796102652396,0.0330203194813
combined_risk_parity,Combined Risk Parity,Combined,Risk Parity,2022-01-03,2022-02-01,2020-01-03,2021-12-31,504,True,Optimization terminated successfully,3.11012561522e-13,0,2.10240299826e-07,1,0.00790767995797,0.0332784807454
combined_risk_parity,Combined Risk Parity,Combined,Risk Parity,2022-02-01,2022-03-01,2020-01-03,2022-01-31,524,True,Optimization terminated successfully,2.56536232568e-13,0,2.47678753458e-07,1,0.00784334797799,0.0332136019518
combined_risk_parity,Combined Risk Parity,Combined,Risk Parity,2022-03-01,2022-04-01,2020-01-03,2022-02-28,543,True,Optimization terminated successfully,8.99846195915e-13,0,4.33860163823e-07,1,0.0078255668998,0.0336818310889
combined_risk_parity,Combined Risk Parity,Combined,Risk Parity,2022-04-01,2022-05-02,2020-01-03,2022-03-31,566,True,Optimization terminated successfully,1.35281949745e-13,0,1.77093737973e-07,1,0.00785507897057,0.0347813671945
combined_risk_parity,Combined Risk Parity,Combined,Risk Parity,2022-05-02,2022-06-01,2020-01-03,2022-04-29,586,True,Optimization terminated successfully,1.3542049302e-13,0,1.75110713874e-07,1,0.00784356820088,0.034261395419
combined_risk_parity,Combined Risk Parity,Combined,Risk Parity,2022-06-01,2022-07-01,2020-01-03,2022-05-31,607,True,Optimization terminated successfully,1.87002630951e-13,0,1.64389437386e-07,1,0.00760693960472,0.0336432574568
combined_risk_parity,Combined Risk Parity,Combined,Risk Parity,2022-07-01,2022-08-01,2020-01-03,2022-06-30,628,True,Optimization terminated successfully,1.87764871717e-13,0,1.80812794785e-07,1,0.00761349366508,0.0337851402305
combined_risk_parity,Combined Risk Parity,Combined,Risk Parity,2022-08-01,2022-09-01,2020-01-03,2022-07-29,648,True,Optimization terminated successfully,2.11870965695e-13,0,1.50031604709e-07,1,0.00759557241051,0.0335718528594
combined_risk_parity,Combined Risk Parity,Combined,Risk Parity,2022-09-01,2022-10-03,2020-01-03,2022-08-31,671,True,Optimization terminated successfully,1.20886969448e-13,0,1.26385846202e-07,1,0.00758368126209,0.0332880252905
combined_risk_parity,Combined Risk Parity,Combined,Risk Parity,2022-10-03,2022-11-01,2020-01-03,2022-09-30,692,True,Optimization terminated successfully,2.18606498983e-13,0,1.73648301089e-07,1,0.00763870923025,0.0325589687671
combined_risk_parity,Combined Risk Parity,Combined,Risk Parity,2022-11-01,2022-12-01,2020-01-03,2022-10-31,713,True,Optimization terminated successfully,2.17933451066e-13,0,2.23410332543e-07,1,0.00774662395521,0.0320722649377
combined_risk_parity,Combined Risk Parity,Combined,Risk Parity,2022-12-01,2023-01-03,2020-01-03,2022-11-30,734,True,Optimization terminated successfully,3.53853611455e-13,0,1.96095901444e-07,1,0.00762743045767,0.032172466093
combined_risk_parity,Combined Risk Parity,Combined,Risk Parity,2023-01-03,2023-02-01,2020-01-03,2022-12-30,755,True,Optimization terminated successfully,2.48277446676e-13,0,1.67827883826e-07,1,0.00760459445203,0.0319628923782
combined_risk_parity,Combined Risk Parity,Combined,Risk Parity,2023-02-01,2023-03-01,2020-01-03,2023-01-31,775,True,Optimization terminated successfully,2.31108482485e-13,0,1.52790498108e-07,1,0.0074928901382,0.0319083425381
combined_risk_parity,Combined Risk Parity,Combined,Risk Parity,2023-03-01,2023-04-03,2020-01-03,2023-02-28,794,True,Optimization terminated successfully,2.19631289997e-13,0,1.62587409248e-07,1,0.00748306795938,0.0320099434831
combined_risk_parity,Combined Risk Parity,Combined,Risk Parity,2023-04-03,2023-05-01,2020-01-03,2023-03-31,817,True,Optimization terminated successfully,2.62467932535e-13,0,1.55710584294e-07,1,0.00750568169457,0.0319772045643
combined_risk_parity,Combined Risk Parity,Combined,Risk Parity,2023-05-01,2023-06-01,2020-01-03,2023-04-28,836,True,Optimization terminated successfully,2.52186346623e-13,0,1.67805193105e-07,1,0.00751373244217,0.0320241419477
combined_risk_parity,Combined Risk Parity,Combined,Risk Parity,2023-06-01,2023-07-03,2020-01-03,2023-05-31,858,True,Optimization terminated successfully,2.53561074357e-13,0,1.73452456724e-07,1,0.00752998735301,0.032087537764
combined_risk_parity,Combined Risk Parity,Combined,Risk Parity,2023-07-03,2023-08-01,2020-01-03,2023-06-30,879,True,Optimization terminated successfully,2.91417711243e-13,0,2.01731414528e-07,1,0.00750493434491,0.0321363734971
combined_risk_parity,Combined Risk Parity,Combined,Risk Parity,2023-08-01,2023-09-01,2020-01-03,2023-07-31,899,True,Optimization terminated successfully,4.53927672843e-13,0,2.43975612619e-07,1,0.00751675521746,0.0322555992633
combined_risk_parity,Combined Risk Parity,Combined,Risk Parity,2023-09-01,2023-10-02,2020-01-03,2023-08-31,922,True,Optimization terminated successfully,1.75782318417e-13,0,1.80021512922e-07,1,0.00750741250427,0.032233919233
combined_risk_parity,Combined Risk Parity,Combined,Risk Parity,2023-10-02,2023-11-01,2020-01-03,2023-09-29,942,True,Optimization terminated successfully,5.13853318458e-13,0,2.73434545707e-07,1,0.00752691233847,0.0322443409723
combined_risk_parity,Combined Risk Parity,Combined,Risk Parity,2023-11-01,2023-12-01,2020-01-03,2023-10-31,964,True,Optimization terminated successfully,2.285916086e-13,0,2.67776614011e-07,1,0.0075482385295,0.0323570870916
combined_risk_parity,Combined Risk Parity,Combined,Risk Parity,2023-12-01,,2020-01-03,2023-11-30,985,True,Optimization terminated successfully,2.57758205796e-13,0,2.88517682457e-07,1,0.0076123121585,0.0324463298865
