rebalance_date,sector,sentiment_signal,sentiment_zscore,coverage_share_21d_lag1,breadth_21d_lag1,coverage_quality,naive_multiplier,gated_multiplier,base_sector_weight,naive_sector_weight,gated_sector_weight,signal_available,coverage_available
2021-01-04,Comm,0.0954210840835,-0.973504244616,1,0.439569090532,0.439569090532,0.853974363308,0.935811643685,0.1,0.0856894677705,0.094082735864,True,True
2021-01-04,Consumer,0.164761027408,0.63896876279,1,0.783079957518,0.783079957518,1.09584531442,1.07505454474,0.1,0.109959274875,0.108081656661,True,True
2021-01-04,Energy,0.0892464240363,-1.11709352633,1,0.696241910045,0.696241910045,0.832435971051,0.883334900429,0.1,0.0835282631156,0.0888069353245,True,True
2021-01-04,Financials,0.119196152534,-0.420624413921,1,0.829278573359,0.829278573359,0.936906337912,0.947677777916,0.1,0.0940110252673,0.0952757092365,True,True
2021-01-04,Healthcare,0.174704316578,0.870196026943,1,0.915457960127,0.915457960127,1.13052940404,1.11949418196,0.1,0.113439544667,0.112549438911,True,True
2021-01-04,Industrials,0.125173985783,-0.281612261695,1,0.591414693691,0.591414693691,0.957758160746,0.975017555577,0.1,0.0961033381954,0.0980243404355,True,True
2021-01-04,Materials,0.114240441176,-0.535867525094,1,0.759849906191,0.759849906191,0.919619871236,0.938923166699,0.1,0.0922764671906,0.0943955558635,True,True
2021-01-04,RealEstate,0.0973315,-0.929078276688,1,0.904334828102,0.904334828102,0.860638258497,0.873970323454,0.1,0.0863581361247,0.0878654584492,True,True
2021-01-04,Tech,0.159705914588,0.521414109861,0.8,0.678371257485,0.542697005988,1.07821211648,1.04244548145,0.1,0.108189925101,0.104803272694,True,True
2021-01-04,Utilities,0.233058578431,2,1,0.51652892562,0.51652892562,1.3,1.15495867769,0.1,0.130444557692,0.116114896561,True,True
2021-02-01,Comm,0.0628654695767,-1.33121276005,1,0.588047808765,0.588047808765,0.800318085993,0.882577488018,0.1,0.0802326343876,0.0890345287224,True,True
2021-02-01,Consumer,0.117081840505,0.149746630955,1,0.793465133593,0.793465133593,1.02246199464,1.01782280958,0.1,0.102502768371,0.102678093883,True,True
2021-02-01,Energy,0.0662076859847,-1.23991770117,1,0.759979236958,0.759979236958,0.814012344825,0.858653243736,0.1,0.0816054966049,0.0866210479306,True,True
2021-02-01,Financials,0.130188038982,0.50775192313,1,0.793400303047,0.793400303047,1.07616278847,1.06042757945,0.1,0.107886323026,0.106976068462,True,True
2021-02-01,Healthcare,0.132733802343,0.577291290893,1,0.899531981279,0.899531981279,1.08659369363,1.0778937968,0.1,0.108932030995,0.108738062679,True,True
2021-02-01,Industrials,0.113670868893,0.0565734739405,1,0.656418033917,0.656418033917,1.00848602109,1.00557037728,0.1,0.10110166399,0.101442066962,True,True
2021-02-01,Materials,0.0738449007937,-1.03130165404,1,0.922787193974,0.922787193974,0.845304751893,0.857249206079,0.1,0.0847425895925,0.0864794084339,True,True
2021-02-01,RealEstate,0.0999554093567,-0.318074224798,1,0.843682008368,0.843682008368,0.95228886628,0.959746974882,0.1,0.0954678468185,0.0968193963266,True,True
2021-02-01,Tech,0.12852311948,0.462273442562,0.8,0.568962266692,0.455169813354,1.06934101638,1.03156193749,0.1,0.107202434013,0.104064098846,True,True
2021-02-01,Utilities,0.190926597222,2,1,0.537505972289,0.537505972289,1.3,1.16125179169,0.1,0.130326212202,0.117147227756,True,True
2021-03-01,Comm,0.109308009087,-0.0708422432357,1,0.844306271096,0.844306271096,0.989373663515,0.991028117467,0.1,0.0996202462749,0.0996902537998,True,True
2021-03-01,Consumer,0.0982031990741,-0.343761880231,1,0.759021828705,0.759021828705,0.948435717965,0.960861584354,0.1,0.0954981957615,0.0966557189675,True,True
2021-03-01,Energy,0.0638993705064,-1.18683694674,1,0.674505616538,0.674505616538,0.821974457988,0.879920772026,0.1,0.0827647843845,0.0885136592403,True,True
2021-03-01,Financials,0.0924935340136,-0.484086632646,1,0.830351712663,0.830351712663,0.927387005103,0.939705675326,0.1,0.0933787963511,0.0945275876832,True,True
2021-03-01,Healthcare,0.12737951924,0.373295926187,1,0.943004600022,0.943004600022,1.05599438893,1.05280296633,0.1,0.106328301398,0.10590435636,True,True
2021-03-01,Industrials,0.0699374464213,-1.03844093772,1,0.754242109541,0.754242109541,0.844233859341,0.882514617475,0.1,0.0850060882785,0.0887745813136,True,True
2021-03-01,Materials,0.0856581712963,-0.652077324011,1,0.993427230047,0.993427230047,0.902188401398,0.902831294535,0.1,0.0908415435422,0.0908182919377,True,True
2021-03-01,RealEstate,0.12202245614,0.241636968049,1,0.818744625967,0.818744625967,1.03624554521,1.02967584535,0.1,0.104339786091,0.103577935425,True,True
2021-03-01,Tech,0.140840576513,0.704124356412,0.8,0.720752076957,0.576601661566,1.10561865346,1.06089989108,0.1,0.111324979233,0.106718848369,True,True
2021-03-01,Utilities,0.21216276455,2,1,0.802775024777,0.802775024777,1.3,1.24083250743,0.1,0.130897278686,0.124818766904,True,True
2021-04-01,Comm,0.101371264834,-0.770118709017,1,0.629901828335,0.629901828335,0.884482193647,0.927235122573,0.1,0.0892562778106,0.0935206648389,True,True
2021-04-01,Consumer,0.123661470264,-0.0712272438123,1,0.759756162393,0.759756162393,0.989315913428,0.991882699387,0.1,0.0998354253433,0.100041000638,True,True
2021-04-01,Energy,0.113847163128,-0.378946951277,1,0.71267684944,0.71267684944,0.943157957308,0.959489992099,0.1,0.0951774600567,0.0967738816001,True,True
2021-04-01,Financials,0.120736898032,-0.16292485417,1,0.812567713976,0.812567713976,0.975561271874,0.980141878555,0.1,0.0984473950172,0.0988568248628,True,True
2021-04-01,Healthcare,0.10225638048,-0.742366619758,1,0.917364705882,0.917364705882,0.888645007036,0.897846859631,0.1,0.0896763622747,0.0905565731842,True,True
2021-04-01,Industrials,0.0924614900721,-1.04947753133,1,0.614041832578,0.614041832578,0.842578370301,0.903336534012,0.1,0.0850276123554,0.0911102601459,True,True
2021-04-01,Materials,0.110723856209,-0.476875727921,1,0.966587112172,0.966587112172,0.928468640812,0.930858710093,0.1,0.093695108322,0.0938861388224,True,True
2021-04-01,RealEstate,0.146127083333,0.633163986849,1,0.870503597122,0.870503597122,1.09497459803,1.08267572922,0.1,0.110497823042,0.109198359226,True,True
2021-04-01,Tech,0.139176191421,0.415224360939,0.8,0.6612468481,0.52899747848,1.06228365414,1.03294789599,0.1,0.107198862372,0.104182824426,True,True
2021-04-01,Utilities,0.208969878472,2,1,0.694488188976,0.694488188976,1.3,1.20834645669,0.1,0.131187673406,0.121873472256,True,True
2021-05-03,Comm,0.115636318766,-0.212701375306,1,0.502616609784,0.502616609784,0.968094793704,0.983963913377,0.1,0.0971334633412,0.0983858762077,True,True
2021-05-03,Consumer,0.107416671974,-0.516408359559,1,0.875888204642,0.875888204642,0.922538746066,0.932152601363,0.1,0.0925626127261,0.0932052986878,True,True
2021-05-03,Energy,0.0740063029101,-1.75088505764,1,0.793107241063,0.793107241063,0.737367241354,0.791704057377,0.1,0.0739834924977,0.0791619451926,True,True
2021-05-03,Financials,0.141208214586,0.7321522854,1,0.732713391468,0.732713391468,1.10982284281,1.08046866762,0.1,0.111353699161,0.108035320334,True,True
2021-05-03,Healthcare,0.12959998247,0.303240769167,1,0.980610199688,0.980610199688,1.04548611537,1.04460414868,0.1,0.104898495397,0.104449251706,True,True
2021-05-03,Industrials,0.113747455583,-0.28249280984,1,0.800274063224,0.800274063224,0.957626078524,0.966089249686,0.1,0.0960830883482,0.0965986008561,True,True
2021-05-03,Materials,0.112001256614,-0.347012957262,1,0.882799525504,0.882799525504,0.947948056411,0.954048568898,0.1,0.0951120472763,0.0953946614501,True,True
2021-05-03,RealEstate,0.136972032164,0.575629965076,1,0.842472582253,0.842472582253,1.08634449476,1.07274286946,0.1,0.108998007059,0.10726282308,True,True
2021-05-03,Tech,0.101801417084,-0.723885903499,0.8,0.567416950134,0.453933560107,0.891417114475,0.950710584207,0.1,0.0894400343579,0.0950608986523,True,True
2021-05-03,Utilities,0.181539882937,2,1,0.748613678373,0.748613678373,1.3,1.22458410351,0.1,0.130435059836,0.122445323834,True,True
2021-06-01,Comm,0.103761658003,-0.735189312219,1,0.714630374265,0.714630374265,0.889721603167,0.921191707998,0.1,0.0899373360243,0.0923692046856,True,True
2021-06-01,Consumer,0.11732024948,-0.462030148704,1,0.718447322522,0.718447322522,0.930695477694,0.950208351511,0.1,0.0940791721992,0.0952787448613,True,True
2021-06-01,Energy,0.0793826625094,-1.22634254356,1,0.655595923793,0.655595923793,0.816048618466,0.87940222409,0.1,0.0824901166274,0.0881789136102,True,True
2021-06-01,Financials,0.119285118575,-0.422444768518,1,0.8193152,0.8193152,0.936633284722,0.948082686999,0.1,0.0946793942732,0.0950656014529,True,True
2021-06-01,Healthcare,0.14741713024,0.144318880008,1,0.971759479613,0.971759479613,1.021647832,1.02103648596,0.1,0.103273073328,0.102380782788,True,True
2021-06-01,Industrials,0.127276571429,-0.261444374003,1,0.790389271745,0.790389271745,0.960783343899,0.969003575744,0.1,0.0971205983301,0.0971633687667,True,True
2021-06-01,Materials,0.142919239583,0.0537017940427,1,0.8729004329,0.8729004329,1.00805526911,1.00703144789,0.1,0.101899071739,0.100976477673,True,True
2021-06-01,RealEstate,0.154941666667,0.295912508279,1,0.833424657534,0.833424657534,1.04438687624,1.03699311713,0.1,0.105571645213,0.103980776924,True,True
2021-06-01,Tech,0.135194504913,-0.1019251429,0.8,0.626429944175,0.50114395534,0.984711228565,0.992338124611,0.1,0.0995393439196,0.0995031572187,True,True
2021-06-01,Utilities,0.275038047619,2,1,0.825477707006,0.825477707006,1.3,1.2476433121,0.1,0.131410248347,0.125102972019,True,True
2021-07-01,Comm,0.135544483028,0.0294807634887,1,0.743597627938,0.743597627938,1.00442211452,1.00328827387,0.1,0.101401570579,0.101262547118,True,True
2021-07-01,Consumer,0.102298068027,-0.710144905058,1,0.870943116757,0.870943116757,0.893478264241,0.907225627456,0.1,0.0902012191513,0.0915668808656,True,True
2021-07-01,Energy,0.141618325397,0.164604196276,1,0.733324629545,0.733324629545,1.02469062944,1.01810624669,0.1,0.103447781247,0.102758134887,True,True
2021-07-01,Financials,0.117619175359,-0.36929960631,1,0.827422590493,0.827422590493,0.944605059053,0.954164974462,0.1,0.0953627316446,0.096304500114,True,True
2021-07-01,Healthcare,0.140708812049,0.144370453238,1,0.913671800723,0.913671800723,1.02165556799,1.0197860818,0.1,0.103141376207,0.102927681752,True,True
2021-07-01,Industrials,0.130980059524,-0.0720629604158,0.8,0.740410040238,0.59232803219,0.989190555938,0.993597263269,0.1,0.0998638665198,0.100284427028,True,True
2021-07-01,Materials,0.0691435160819,-1.44772691644,1,0.743344709898,0.743344709898,0.782840962534,0.838575978293,0.1,0.0790318153762,0.0846380265033,True,True
2021-07-01,RealEstate,0.110989012346,-0.516799381877,1,0.709157509158,0.709157509158,0.922480092718,0.945026175642,0.1,0.0931291026723,0.0953821151223,True,True
2021-07-01,Tech,0.140820078263,0.146845768183,0.8,0.716072017411,0.572857613929,1.02202686523,1.01261825746,0.1,0.10317886057,0.102204228515,True,True
2021-07-01,Utilities,0.252471600877,2,1,0.718011049724,0.718011049724,1.3,1.21540331492,0.1,0.131241676031,0.122671458095,True,True
2021-08-02,Comm,0.117561439437,-0.19920118269,1,0.642481498977,0.642481498977,0.970119822596,0.980802538832,0.1,0.0979994877224,0.0987948525102,True,True
2021-08-02,Consumer,0.112497999364,-0.609276083276,1,0.875380115079,0.875380115079,0.908608587509,0.919997774816,0.1,0.0917857506279,0.0926700746318,True,True
2021-08-02,Energy,0.126264268759,0.505618429586,1,0.777282741738,0.777282741738,1.07584276444,1.05895127188,0.1,0.108679399523,0.106666663858,True,True
2021-08-02,Financials,0.123102815322,0.249580501775,1,0.761021038818,0.761021038818,1.03743707527,1.02849040191,0.1,0.104799736643,0.103598383509,True,True
2021-08-02,Healthcare,0.121415967687,0.112967079625,1,0.920138528139,0.920138528139,1.01694506194,1.01559180436,0.1,0.102729676058,0.102299126021,True,True
2021-08-02,Industrials,0.111784868355,-0.667030717162,0.8,0.704365904366,0.563492723493,0.899945392426,0.94361995668,0.1,0.0909106126703,0.0950495036002,True,True
2021-08-02,Materials,0.111114152047,-0.72135029424,1,0.95145631068,0.95145631068,0.891797455864,0.89705000655,0.1,0.0900875250574,0.0903585783912,True,True
2021-08-02,RealEstate,0.107339254386,-1.02706948134,1,0.88338028169,0.88338028169,0.845939577799,0.863906060839,0.1,0.0854550575479,0.0870200356178,True,True
2021-08-02,Tech,0.116119079398,-0.3160141875,0.8,0.609367274671,0.487493819737,0.952597871875,0.976891755497,0.1,0.0962294566864,0.0984009248361,True,True
2021-08-02,Utilities,0.153011111111,2,1,0.807889546351,0.807889546351,1.3,1.24236686391,0.1,0.131323297465,0.125141857024,True,True
2021-09-01,Comm,0.141590857899,0.707924132285,1,0.86346778418,0.86346778418,1.10618861984,1.09169045228,0.1,0.110483300713,0.108778883738,True,True
2021-09-01,Consumer,0.111908103979,0.0432193898639,1,0.68047304069,0.68047304069,1.00648290848,1.00441144445,0.1,0.100524948319,0.100082175778,True,True
2021-09-01,Energy,0.0170142474232,-2,1,0.772307375784,0.772307375784,0.7,0.768307787265,0.1,0.0699142163569,0.0765561916304,True,True
2021-09-01,Financials,0.099907375189,-0.225520544467,1,0.810400703429,0.810400703429,0.96617191833,0.972585698819,0.1,0.0964987893373,0.096910975484,True,True
2021-09-01,Healthcare,0.151062570106,0.920030193596,1,0.981694255112,0.981694255112,1.13800452904,1.13547825334,0.1,0.113660992655,0.113142014432,True,True
2021-09-01,Industrials,0.0925431481481,-0.390432353241,0.8,0.793813333333,0.635050666666,0.941435147014,0.962808351068,0.1,0.094028143649,0.0959367350552,True,True
2021-09-01,Materials,0.0818816931217,-0.629181080406,1,0.786622073579,0.786622073579,0.905622837939,0.925760841081,0.1,0.0904513014706,0.0922452245421,True,True
2021-09-01,RealEstate,0.186583796296,1.71547955011,1,0.687012987013,0.687012987013,1.25732193252,1.17678350948,0.1,0.125578110886,0.117257777876,True,True
2021-09-01,Tech,0.0808860747383,-0.651476594592,1,0.780870299958,0.780870299958,0.902278510811,0.923692191425,0.1,0.0901172785986,0.0920390988955,True,True
2021-09-01,Utilities,0.136403317901,0.591756257583,1,0.837606837607,0.837606837607,1.08876343864,1.07434886313,0.1,0.108742918015,0.107050922569,True,True
2021-10-01,Comm,0.116663453986,0.156110651998,1,0.842916666667,0.842916666667,1.0234165978,1.01973824056,0.1,0.10234165978,0.101252526381,True,True
2021-10-01,Consumer,0.139193384493,0.759854770244,1,0.844080427127,0.844080427127,1.11397821554,1.09620678085,0.1,0.111397821554,0.108845291451,True,True
2021-10-01,Energy,0.0716774964533,-1.04939716151,1,0.708394851059,0.708394851059,0.842590425773,0.88849186811,0.1,0.0842590425773,0.088220724434,True,True
2021-10-01,Financials,0.0775908202948,-0.890935310622,1,0.825478593804,0.825478593804,0.866359703407,0.889682795893,0.1,0.0866359703407,0.088338974826,True,True
2021-10-01,Healthcare,0.126962852579,0.432108011158,1,0.863937753721,0.863937753721,1.06481620167,1.05599716368,0.1,0.106481620167,0.104852771448,True,True
2021-10-01,Industrials,0.0822155820106,-0.767003606379,0.8,0.784293702893,0.627434962314,0.884949459043,0.927813268171,0.1,0.0884949459043,0.0921250509941,True,True
2021-10-01,Materials,0.0494314473684,-1.6455339887,1,0.72808988764,0.72808988764,0.753169901695,0.820285501459,0.1,0.0753169901695,0.0814483325946,True,True
2021-10-01,RealEstate,0.130948541667,0.538914214723,1,0.832512315271,0.832512315271,1.08083713221,1.06729790809,0.1,0.108083713221,0.105974852465,True,True
2021-10-01,Tech,0.13493291232,0.645685087625,1,0.921557345608,0.921557345608,1.09685276314,1.08925537532,0.1,0.109685276314,0.108155067878,True,True
2021-10-01,Utilities,0.178762207602,1.82019733147,1,0.792839300583,0.792839300583,1.27302959972,1.21646859688,0.1,0.127302959972,0.120786407529,True,True
2021-11-01,Comm,0.156467855253,1.06915443844,1,0.717793373012,0.717793373012,1.16037316577,1.1151147956,0.1,0.116037316577,0.11136517064,True,True
2021-11-01,Consumer,0.123182351238,0.154335701258,1,0.829936020642,0.829936020642,1.02315035519,1.01921331366,0.1,0.102315035519,0.101787605225,True,True
2021-11-01,Energy,0.163613061036,1.26553326234,1,0.698814511097,0.698814511097,1.18982998935,1.1326559512,0.1,0.118982998935,0.113116984709,True,True
2021-11-01,Financials,0.0877382644049,-0.819809522522,1,0.837798226722,0.837798226722,0.877028571622,0.896974755367,0.1,0.0877028571622,0.0895797877364,True,True
2021-11-01,Healthcare,0.0803608082769,-1.02257151452,1,0.590614700497,0.590614700497,0.846614272822,0.909408134683,0.1,0.0846614272822,0.0908214943432,True,True
2021-11-01,Industrials,0.0975113912939,-0.551204919301,0.8,0.790860786397,0.632688629118,0.917319262105,0.947688837287,0.1,0.0917319262105,0.0946445419744,True,True
2021-11-01,Materials,0.0628864335317,-1.50283720105,1,0.865029239766,0.865029239766,0.774574419842,0.805000281772,0.1,0.0774574419842,0.080394407911,True,True
2021-11-01,RealEstate,0.178322354497,1.66980345945,1,0.884949832776,0.884949832776,1.25047051892,1.22165384383,0.1,0.125047051892,0.122005096981,True,True
2021-11-01,Tech,0.103561244426,-0.384930765845,1,0.848980724749,0.848980724749,0.942260385123,0.950980179915,0.1,0.0942260385123,0.0949732443958,True,True
2021-11-01,Utilities,0.122025,0.122527061751,1,0.78609406953,0.78609406953,1.01837905926,1.01444766949,0.1,0.101837905926,0.101311666085,True,True
2021-12-01,Comm,0.0758678187831,-0.959971460087,1,0.83306501548,0.83306501548,0.856004280987,0.880042204111,0.1,0.0856004280987,0.0873108550771,True,True
2021-12-01,Consumer,0.130813385708,0.613196642546,1,0.79567323216,0.79567323216,1.09197949638,1.07318562318,0.1,0.109197949638,0.106473023656,True,True
2021-12-01,Energy,0.043229771131,-1.89444421871,1,0.641442592485,0.641442592485,0.715833367193,0.817723418355,0.1,0.0715833367193,0.0811280760623,True,True
2021-12-01,Financials,0.107939187731,-0.0417235019655,1,0.78140777667,0.78140777667,0.993741474705,0.995109539664,0.1,0.0993741474705,0.0987269296831,True,True
2021-12-01,Healthcare,0.105031194113,-0.124983409152,1,0.607094021488,0.607094021488,0.981252488627,0.988618497928,0.1,0.0981252488627,0.0980829396544,True,True
2021-12-01,Industrials,0.0926718998016,-0.478847217825,0.8,0.659468290509,0.527574632407,0.928172917326,0.962105853261,0.1,0.0928172917326,0.0954525639004,True,True
2021-12-01,Materials,0.0942618699495,-0.433324158172,1,0.821052631579,0.821052631579,0.935001376274,0.946632708941,0.1,0.0935001376274,0.0939174404085,True,True
2021-12-01,RealEstate,0.146542026144,1.06352952319,1,0.842786069652,0.842786069652,1.15952942848,1.13444918002,0.1,0.115952942848,0.11255111117,True,True
2021-12-01,Tech,0.124082643174,0.42048611003,1,0.675640793481,0.675640793481,1.0630729165,1.04261463535,0.1,0.10630729165,0.103440011062,True,True
2021-12-01,Utilities,0.173524722222,1.83608169015,1,0.867542213884,0.867542213884,1.27541225352,1.23893175615,0.1,0.127541225352,0.122917049326,True,True
2022-01-03,Comm,0.10888473545,-0.532808208504,1,0.525549570534,0.525549570534,0.920078768724,0.957997431227,0.1,0.0926454698254,0.0962890820397,True,True
2022-01-03,Consumer,0.108932963853,-0.530969736268,1,0.857171033343,0.857171033343,0.92035453956,0.931730218373,0.1,0.0926732380117,0.0936489436313,True,True
2022-01-03,Energy,0.112735173847,-0.386029056625,1,0.703523897213,0.703523897213,0.942095641506,0.959262900047,0.1,0.0948624142788,0.0964162753151,True,True
2022-01-03,Financials,0.085385234608,-1.42861186708,1,0.801263723952,0.801263723952,0.785708219937,0.828295770295,0.1,0.0791152993159,0.0832526651736,True,True
2022-01-03,Healthcare,0.12657117183,0.14140076823,1,0.772272893105,0.772272893105,1.02121011523,1.01637999706,0.1,0.102828686122,0.102157160061,True,True
2022-01-03,Industrials,0.104660440287,-0.693838823042,1,0.880941733526,0.880941733526,0.895924176544,0.908315263666,0.1,0.0902132720429,0.0912954879525,True,True
2022-01-03,Materials,0.118652391975,-0.160464025124,1,0.668041237113,0.668041237113,0.975930396231,0.983920512122,0.1,0.0982693364407,0.098894631472,True,True
2022-01-03,RealEstate,0.13450015873,0.443654655306,1,0.989621318373,0.989621318373,1.0665481983,1.06585751573,0.1,0.107393912653,0.107130184727,True,True
2022-01-03,Tech,0.140932634803,0.688861378575,1,0.823524071973,0.823524071973,1.10332920679,1.08509408913,0.1,0.111097501876,0.109063667984,True,True
2022-01-03,Utilities,0.187363333333,2,1,0.707755102041,0.707755102041,1.3,1.21232653061,0.1,0.130900869433,0.121851901644,True,True
2022-02-01,Comm,0.134992346404,0.0682155011712,1,0.709183241642,0.709183241642,1.01023232518,1.00725659354,0.1,0.101411594953,0.10153158454,True,True
2022-02-01,Consumer,0.0806243828985,-1.42685865365,1,0.923171954034,0.923171954034,0.785971201953,0.802414616287,0.1,0.0788992701881,0.080883488847,True,True
2022-02-01,Energy,0.147102836644,0.401243994287,1,0.710974970779,0.710974970779,1.06018659914,1.04279116557,0.1,0.106426226213,0.105113473631,True,True
2022-02-01,Financials,0.13102014498,-0.0410167617983,1,0.861714591175,0.861714591175,0.99384748573,0.994698288681,0.1,0.0997668122032,0.100265705915,True,True
2022-02-01,Healthcare,0.101968294029,-0.839918701579,1,0.926331944749,0.926331944749,0.874012194763,0.88329347136,0.1,0.0877372149653,0.0890360870667,True,True
2022-02-01,Industrials,0.127839839296,-0.128472545057,1,0.735257595408,0.735257595408,0.980729118241,0.985830937817,0.1,0.0984499323756,0.0993718758923,True,True
2022-02-01,Materials,0.0883066944444,-1.21560142235,1,0.841647940075,0.841647940075,0.817659786648,0.846533735039,0.1,0.0820803106633,0.0853307012694,True,True
2022-02-01,RealEstate,0.156683630952,0.664707935714,1,0.93698630137,0.93698630137,1.09970619036,1.09342333453,0.1,0.110393377804,0.110217202289,True,True
2022-02-01,Tech,0.142053675515,0.262396227684,1,0.792915379774,0.792915379774,1.03935943415,1.03120870068,0.1,0.104335503151,0.103945959791,True,True
2022-02-01,Utilities,0.214525238095,2,1,0.777241202158,0.777241202158,1.3,1.23317236065,0.1,0.130499757484,0.124303920759,True,True
2022-03-01,Comm,0.102764620937,-0.143095796146,1,0.839449917898,0.839449917898,0.978535630578,0.981981736851,0.1,0.0982937674318,0.0983153563774,True,True
2022-03-01,Consumer,0.0791209956419,-0.711317951158,1,0.920720615672,0.920720615672,0.893302307326,0.901761234711,0.1,0.0897320920146,0.0902837332212,True,True
2022-03-01,Energy,0.111003960526,0.0549184778367,1,0.719863666636,0.719863666636,1.00823777168,1.00593007252,0.1,0.101277343357,0.100713047768,True,True
2022-03-01,Financials,0.0631995166061,-1.0939554281,1,0.822409959982,0.822409959982,0.835906685785,0.865048024023,0.1,0.0839667098465,0.0866080310598,True,True
2022-03-01,Healthcare,0.11035470318,0.0393150158592,1,0.949271398833,0.949271398833,1.00589725238,1.00559809301,0.1,0.10104223852,0.100679810201,True,True
2022-03-01,Industrials,0.090512131395,-0.437557238709,1,0.843741929313,0.843741929313,0.934366414194,0.944622191684,0.1,0.0938569758146,0.0945749436392,True,True
2022-03-01,Materials,0.0558764867725,-1.26994822706,1,0.878114792347,0.878114792347,0.809507765941,0.832725951445,0.1,0.081314942035,0.0833719667166,True,True
2022-03-01,RealEstate,0.153299384921,1.07139530391,1,0.963830384723,0.963830384723,1.16070929559,1.15489650219,0.1,0.11659308664,0.115627467326,True,True
2022-03-01,Tech,0.116694669809,0.191682068529,1,0.751288253859,0.751288253859,1.02875231028,1.02160127298,0.1,0.103338025895,0.102282037903,True,True
2022-03-01,Utilities,0.204361652116,2,1,0.913052858684,0.913052858684,1.3,1.27391585761,0.1,0.130584818445,0.127543605787,True,True
2022-04-01,Comm,0.0588966919879,-1.62105776768,1,0.749201928227,0.749201928227,0.756841334848,0.817825059203,0.1,0.0758202122825,0.0817811860885,True,True
2022-04-01,Consumer,0.103653792045,-0.473163913489,1,0.958972246152,0.958972246152,0.929025412977,0.931937340862,0.1,0.0930695785027,0.0931922300965,True,True
2022-04-01,Energy,0.139194279066,0.438349713942,1,0.824898556787,0.824898556787,1.06575245709,1.05423910696,0.1,0.106766866206,0.105422209332,True,True
2022-04-01,Financials,0.108409226249,-0.351200388377,1,0.817253196742,0.817253196742,0.947319941743,0.956947053985,0.1,0.0949023207048,0.0956931610473,True,True
2022-04-01,Healthcare,0.0770392365835,-1.15575247726,1,0.792153339323,0.792153339323,0.826637128412,0.862670022357,0.1,0.082812340805,0.0862656100317,True,True
2022-04-01,Industrials,0.11255441966,-0.244887824899,1,0.579539753517,0.579539753517,0.963266826265,0.978711665548,0.1,0.09649987638,0.0978695870791,True,True
2022-04-01,Materials,0.131990582011,0.253595126037,1,0.762172112287,0.762172112287,1.03803926891,1.02899246993,0.1,0.103990564603,0.102897586373,True,True
2022-04-01,RealEstate,0.158458683862,0.932427566211,1,0.925714285714,0.925714285714,1.13986413493,1.12947422777,0.1,0.114191359145,0.112945599996,True,True
2022-04-01,Tech,0.126081335244,0.102039550763,1,0.842587792759,0.842587792759,1.01530593261,1.01289659198,0.1,0.101713143559,0.101288024553,True,True
2022-04-01,Utilities,0.204749246032,2,1,0.754892823858,0.754892823858,1.3,1.22646784716,0.1,0.130233737811,0.122644805403,True,True
2022-05-02,Comm,0.0994568164394,-0.669640186991,1,0.592974477594,0.592974477594,0.899553971951,0.940438068991,0.1,0.0903645925088,0.0945204793662,True,True
2022-05-02,Consumer,0.0904964547431,-0.89989243306,1,0.927870156999,0.927870156999,0.865016135041,0.874752500028,0.1,0.0868950980084,0.0879186289408,True,True
2022-05-02,Energy,0.170093662378,1.14549774872,1,0.854571215782,0.854571215782,1.17182466231,1.14683641057,0.1,0.117715513914,0.115264929032,True,True
2022-05-02,Financials,0.0966365901925,-0.742110858352,1,0.844155389641,0.844155389641,0.888683371247,0.906031467882,0.1,0.0892725875446,0.0910623798512,True,True
2022-05-02,Healthcare,0.124182947184,-0.0342587890613,1,0.882544427836,0.882544427836,0.994861181641,0.995464764491,0.1,0.0999386674785,0.100051039866,True,True
2022-05-02,Industrials,0.0810828599601,-1.14179130007,1,0.846487534007,0.846487534007,0.828731304989,0.855023184707,0.1,0.0832501095095,0.0859356973654,True,True
2022-05-02,Materials,0.140284518519,0.379499392895,1,0.774382433669,0.774382433669,1.05692490893,1.04408164952,0.1,0.106173272184,0.104937370427,True,True
2022-05-02,RealEstate,0.111440722222,-0.361692660244,1,0.973183391003,0.973183391003,0.945746100963,0.94720100656,0.1,0.0950048176042,0.0952002010002,True,True
2022-05-02,Tech,0.12639190984,0.0225043897328,1,0.803901631827,0.803901631827,1.00337565846,1.00271369734,0.1,0.100793988284,0.100779607361,True,True
2022-05-02,Utilities,0.215094940278,2,1,0.790088826554,0.790088826554,1.3,1.23702664797,0.1,0.130591352964,0.12432966679,True,True
2022-06-01,Comm,0.0763487135299,-1.21171470985,1,0.85841458245,0.85841458245,0.818242793522,0.843976963494,0.1,0.0818242793522,0.0847477781192,True,True
2022-06-01,Consumer,0.0774677368401,-1.17979271414,1,0.724766112266,0.724766112266,0.823031092879,0.871738933194,0.1,0.0823031092879,0.0875354907584,True,True
2022-06-01,Energy,0.166425187821,1.35786610228,1,0.839344262295,0.839344262295,1.20367991534,1.17095756829,0.1,0.120367991534,0.117581470202,True,True
2022-06-01,Financials,0.104901158919,-0.397208853705,1,0.890119671645,0.890119671645,0.940418671944,0.946965487835,0.1,0.0940418671944,0.0950893502085,True,True
2022-06-01,Healthcare,0.0667023795351,-1.48689238455,1,0.910684391925,0.910684391925,0.776966142317,0.796886546937,0.1,0.0776966142317,0.0800192033518,True,True
2022-06-01,Industrials,0.1557924064,1.05454837882,1,0.681426345854,0.681426345854,1.15818225682,1.10778955725,0.1,0.115818225682,0.111238466998,True,True
2022-06-01,Materials,0.115615145503,-0.0915746183019,1,0.863223338116,0.863223338116,0.986263807255,0.988142597845,0.1,0.0986263807255,0.0992241414809,True,True
2022-06-01,RealEstate,0.131413953704,0.359112586403,1,0.868138399491,0.868138399491,1.05386688796,1.0467639139,0.1,0.105386688796,0.105110589217,True,True
2022-06-01,Tech,0.13101968181,0.347865326765,1,0.67674076097,0.67674076097,1.05217979901,1.03531219689,0.1,0.105217979901,0.103960667342,True,True
2022-06-01,Utilities,0.162566508881,1.24779088628,1,0.802258185924,0.802258185924,1.18716863294,1.15015756793,0.1,0.118716863294,0.115492842323,True,True
2022-07-01,Comm,0.0914737676682,-0.975659985627,1,0.796505485575,0.796505485575,0.853651002156,0.883432220409,0.1,0.0856116051966,0.0885274784019,True,True
2022-07-01,Consumer,0.0856463845421,-1.1422940621,1,0.89502177239,0.89502177239,0.828655890686,0.846643291593,0.1,0.083104876323,0.0848409124991,True,True
2022-07-01,Energy,0.141399771005,0.451974559378,1,0.779909530494,0.779909530494,1.06779618391,1.05287488996,0.1,0.107087961118,0.105507085804,True,True
2022-07-01,Financials,0.0821673152872,-1.24177808086,1,0.865722399971,0.865722399971,0.813733287871,0.838744734941,0.1,0.0816083069083,0.0840494094418,True,True
2022-07-01,Healthcare,0.139699568972,0.403357265912,1,0.896340202633,0.896340202633,1.06050358989,1.05423180002,0.1,0.106356595866,0.105643059819,True,True
2022-07-01,Industrials,0.129143831006,0.101515837376,1,0.758351114541,0.758351114541,1.01522737561,1.01154769726,0.1,0.101815900228,0.101365746973,True,True
2022-07-01,Materials,0.109109589947,-0.471363478155,1,0.778440957036,0.778440957036,0.929295478277,0.944960704443,0.1,0.0931978963256,0.0946931597248,True,True
2022-07-01,RealEstate,0.156100515873,0.872342500093,1,0.828407130535,0.828407130535,1.13085137501,1.1083982121,0.1,0.113411688394,0.111070998449,True,True
2022-07-01,Tech,0.118947421023,-0.190050604035,1,0.921384030154,0.921384030154,0.971492409395,0.973733561278,0.1,0.0974297744564,0.0975764465274,True,True
2022-07-01,Utilities,0.202248902116,2,1,0.882064741907,0.882064741907,1.3,1.26461942257,0.1,0.130375395184,0.12672570236,True,True
2022-08-01,Comm,0.0703258494898,-1.02141361915,1,0.736760759901,0.736760759901,0.846787957128,0.887119378867,0.1,0.0846787957128,0.0883620565585,True,True
2022-08-01,Consumer,0.0872509404143,-0.629392058578,1,0.812953117448,0.812953117448,0.905591191213,0.923250064582,0.1,0.0905591191213,0.0919608751287,True,True
2022-08-01,Energy,0.187180652534,1.68519531157,1,0.875576691812,0.875576691812,1.25277929674,1.22132766039,0.1,0.125277929674,0.121651072421,True,True
2022-08-01,Financials,0.074139626852,-0.933078320989,1,0.874074236094,0.874074236094,0.860038251852,0.877663041905,0.1,0.0860038251852,0.087420152457,True,True
2022-08-01,Healthcare,0.0817406099258,-0.757023181329,1,0.780155048041,0.780155048041,0.886446522801,0.91141068154,0.1,0.0886446522801,0.0907816062965,True,True
2022-08-01,Industrials,0.114799118008,0.00868307019546,1,0.905412136306,0.905412136306,1.00130246053,1.00117926357,0.1,0.100130246053,0.0997230596245,True,True
2022-08-01,Materials,0.0710738522075,-1.00408826509,1,0.872773773541,0.872773773541,0.849386760236,0.868548714386,0.1,0.0849386760236,0.0865123144107,True,True
2022-08-01,RealEstate,0.140542099206,0.604945962253,1,0.94097248398,0.94097248398,1.09074189434,1.08538562572,0.1,0.109074189434,0.108110484713,True,True
2022-08-01,Tech,0.131130297857,0.386948371039,1,0.873369440842,0.873369440842,1.05804225566,1.05069233237,0.1,0.105804225566,0.104654838469,True,True
2022-08-01,Utilities,0.186059315476,1.65922273008,1,0.855901036443,0.855901036443,1.24888340951,1.21301956815,0.1,0.124888340951,0.120823539922,True,True
2022-09-01,Comm,0.0415531124339,-1.60802050028,1,0.915177189409,0.915177189409,0.758796924958,0.779256447706,0.1,0.0758796924958,0.0779096480295,True,True
2022-09-01,Consumer,0.0797978131592,-0.815327488675,1,0.70486362319,0.70486362319,0.877700876699,0.913795796837,0.1,0.0877700876699,0.0913608210904,True,True
2022-09-01,Energy,0.160927821992,0.866243809139,1,0.788827895736,0.788827895736,1.12993657137,1.10249759217,0.1,0.112993657137,0.110227126914,True,True
2022-09-01,Financials,0.113520940382,-0.116352551704,1,0.860558541098,0.860558541098,0.982547117244,0.984980772678,0.1,0.0982547117244,0.0984778573743,True,True
2022-09-01,Healthcare,0.0799443492063,-0.812290254803,1,0.810350740452,0.810350740452,0.87815646178,0.901263998584,0.1,0.087815646178,0.0901078985205,True,True
2022-09-01,Industrials,0.110479137377,-0.17939961284,0.8,0.753210835385,0.602568668308,0.973090058074,0.983784912129,0.1,0.0973090058074,0.0983582958683,True,True
2022-09-01,Materials,0.087642037037,-0.652741265448,1,0.907880910683,0.907880910683,0.902088810183,0.911108299823,0.1,0.0902088810183,0.0910921265585,True,True
2022-09-01,RealEstate,0.182466944444,1.31268244037,1,0.861160816701,0.861160816701,1.19690236606,1.16956460236,0.1,0.119690236606,0.116932451167,True,True
2022-09-01,Tech,0.131177875572,0.24962048158,1,0.744494618159,0.744494618159,1.03744307224,1.02787616577,0.1,0.103744307224,0.102766516118,True,True
2022-09-01,Utilities,0.203835460884,1.75558494266,1,0.865522174535,0.865522174535,1.2633377414,1.22792465457,0.1,0.12633377414,0.12276725836,True,True
2022-10-03,Comm,0.101845446231,-0.607539338563,1,0.854605977278,0.854605977278,0.908869099216,0.922118987475,0.1,0.0908869099216,0.092656039576,True,True
2022-10-03,Consumer,0.132946834051,0.0325296577204,1,0.948374609946,0.948374609946,1.00487944866,1.00462754522,0.1,0.100487944866,0.100946635796,True,True
2022-10-03,Energy,0.17771130565,0.953785987868,1,0.821574874829,0.821574874829,1.14306789818,1.11754099054,0.1,0.114306789818,0.11229236536,True,True
2022-10-03,Financials,0.117569153817,-0.283944205424,1,0.839086801427,0.839086801427,0.957408369186,0.964261924733,0.1,0.0957408369186,0.096890631549,True,True
2022-10-03,Healthcare,0.0947924206349,-0.752691157517,1,0.951440329218,0.951440329218,0.887096326372,0.892578891594,0.1,0.0887096326372,0.0896878019297,True,True
2022-10-03,Industrials,0.109887182873,-0.442039768878,0.8,0.740141483766,0.592113187013,0.933694034668,0.960739363549,0.1,0.0933694034668,0.0965366787805,True,True
2022-10-03,Materials,0.0886127777778,-0.879868691324,1,0.836742424242,0.836742424242,0.868019696301,0.889566480731,0.1,0.0868019696301,0.0893851099085,True,True
2022-10-03,RealEstate,0.203979552154,1.49438855748,1,0.738626079803,0.738626079803,1.22415828362,1.16556915429,0.1,0.122415828362,0.117118314616,True,True
2022-10-03,Tech,0.0682564586911,-1.29880333184,1,0.87938188547,0.87938188547,0.805179500224,0.828678381579,0.1,0.0805179500224,0.0832669730938,True,True
2022-10-03,Utilities,0.21806082672,1.78418229048,1,0.771161548732,0.771161548732,1.26762734357,1.20638391675,0.1,0.126762734357,0.121219449391,True,True
2022-11-01,Comm,0.114468310091,0.226612613908,1,0.734926368436,0.734926368436,1.03399189209,1.02498153781,0.1,0.103399189209,0.103530717529,True,True
2022-11-01,Consumer,0.090894324641,-0.418570970597,1,0.919741761687,0.919741761687,0.93721435441,0.942253419717,0.1,0.093721435441,0.0951745656276,True,True
2022-11-01,Energy,0.122164474841,0.437244760555,1,0.73588703227,0.73588703227,1.06558671408,1.04826441238,0.1,0.106558671408,0.105882460094,True,True
2022-11-01,Financials,0.0914056667409,-0.404576326814,1,0.848713866027,0.848713866027,0.939313550978,0.948494569235,0.1,0.0939313550978,0.0958049678973,True,True
2022-11-01,Healthcare,0.0531928717189,-1.45040152759,1,0.956237030205,0.956237030205,0.782439770862,0.791960852598,0.1,0.0782439770862,0.0799939045727,True,True
2022-11-01,Industrials,0.153225645532,1.2873410452,0.8,0.788629903354,0.630903922683,1.19310115678,1.12182827729,0.1,0.119310115678,0.113312954631,True,True
2022-11-01,Materials,0.0698859656085,-0.993537321277,1,0.913513513514,0.913513513514,0.850969401809,0.863858534625,0.1,0.0850969401809,0.0872561023141,True,True
2022-11-01,RealEstate,0.123371518707,0.470279687541,1,0.966767371601,0.966767371601,1.07054195313,1.06819765862,0.1,0.107054195313,0.107895865418,True,True
2022-11-01,Tech,0.0693737256344,-1.00755653849,1,0.810729503568,0.810729503568,0.848866519226,0.87747162816,0.1,0.0848866519226,0.0886311254628,True,True
2022-11-01,Utilities,0.173899940476,1.85316457756,1,0.766091686092,0.766091686092,1.27797468663,1.21295409637,0.1,0.127797468663,0.122517336454,True,True
2022-12-01,Comm,0.124631596277,0.208230856146,1,0.858916615946,0.858916615946,1.03123462842,1.02682794134,0.1,0.103671725105,0.102877253277,True,True
2022-12-01,Consumer,0.109643320794,-0.44440047817,1,0.747930047695,0.747930047695,0.933339928274,0.950142929375,0.1,0.0938302087679,0.0951942295866,True,True
2022-12-01,Energy,0.123927533591,0.177574002345,1,0.803689418817,0.803689418817,1.02663610035,1.02140715201,0.1,0.103209427462,0.102334147762,True,True
2022-12-01,Financials,0.10596633938,-0.604506508327,1,0.845724838412,0.845724838412,0.909324023751,0.923313074639,0.1,0.0914158501115,0.0925061631151,True,True
2022-12-01,Healthcare,0.110228405896,-0.418924240344,1,0.940313111546,0.940313111546,0.937161363948,0.940912006609,0.1,0.0942143840252,0.0942693891716,True,True
2022-12-01,Industrials,0.0985835846561,-0.925972248121,0.8,0.794864984506,0.635891987605,0.861104162782,0.911677250001,0.1,0.0865682276276,0.0913403770763,True,True
2022-12-01,Materials,0.115034908104,-0.209635723266,1,0.896924128503,0.896924128503,0.96855464151,0.971795899241,0.1,0.0973704022114,0.0973636271803,True,True
2022-12-01,RealEstate,0.145189071637,1.1033606921,1,0.781047165729,0.781047165729,1.16550410382,1.1292665112,0.1,0.117170057841,0.113140509926,True,True
2022-12-01,Tech,0.0914109360283,-1.23828938226,1,0.875248180013,0.875248180013,0.814256592661,0.837428420777,0.1,0.0818585638153,0.0839014330215,True,True
2022-12-01,Utilities,0.173878145833,2,1,0.894422535211,0.894422535211,1.3,1.26832676056,0.1,0.130691153033,0.127072869884,True,True
2023-01-03,Comm,0.0751078886999,-0.830344628057,1,0.696907216495,0.696907216495,0.875448305791,0.913199025479,0.1,0.0875448305791,0.0910978249692,True,True
2023-01-03,Consumer,0.122811852767,0.121963164891,1,0.85078487651,0.85078487651,1.01829447473,1.01556466243,0.1,0.101829447473,0.101309494734,True,True
2023-01-03,Energy,0.157110319873,0.806658832221,1,0.825036622719,0.825036622719,1.12099882483,1.09982846179,0.1,0.112099882483,0.109715382861,True,True
2023-01-03,Financials,0.0895450312135,-0.542137901583,1,0.8610401744,0.8610401744,0.918679314762,0.929979623001,0.1,0.0918679314762,0.0927718039084,True,True
2023-01-03,Healthcare,0.0803989092274,-0.724720699742,1,0.913122473643,0.913122473643,0.891291895039,0.900736186293,0.1,0.0891291895039,0.0898545718435,True,True
2023-01-03,Industrials,0.133353105631,0.332396772372,0.8,0.76994345799,0.615954766392,1.04985951586,1.03071120644,0.1,0.104985951586,0.102820465702,True,True
2023-01-03,Materials,0.0369491666667,-1.59210204323,1,0.71582867784,0.71582867784,0.761184693516,0.829049154912,0.1,0.0761184693516,0.0827033020161,True,True
2023-01-03,RealEstate,0.176913230994,1.20198167284,1,0.817021276596,0.817021276596,1.18029725093,1.14730669012,0.1,0.118029725093,0.114451659634,True,True
2023-01-03,Tech,0.0862309727633,-0.608296002909,1,0.858770095559,0.858770095559,0.908755599564,0.921642037518,0.1,0.0908755599564,0.0919400729474,True,True
2023-01-03,Utilities,0.208603029101,1.8346008332,1,0.85890027959,0.85890027959,1.27519012498,1.23636087529,0.1,0.127519012498,0.123335421385,True,True
2023-02-01,Comm,0.128960051381,0.33603356871,1,0.705538440474,0.705538440474,1.05040503531,1.03556269,0.1,0.105114556485,0.103877363998,True,True
2023-02-01,Consumer,0.114687141886,-0.316861226706,1,0.844590501965,0.844590501965,0.952470815994,0.959857302622,0.1,0.0953142302476,0.096283351431,True,True
2023-02-01,Energy,0.166362694447,2,1,0.720888060547,0.720888060547,1.3,1.21626641816,0.1,0.130091649257,0.122003767283,True,True
2023-02-01,Financials,0.104283651291,-0.792754727329,1,0.862548738576,0.862548738576,0.881086790901,0.897431561491,0.1,0.0881707952053,0.0900214210845,True,True
2023-02-01,Healthcare,0.110887478047,-0.490671671289,1,0.913612831185,0.913612831185,0.926399249307,0.932757409782,0.1,0.0927052355483,0.0935649593336,True,True
2023-02-01,Industrials,0.102557272151,-0.871725588583,0.8,0.792930380636,0.634344304509,0.869241161713,0.917053875668,0.1,0.0869853971764,0.0919897367566,True,True
2023-02-01,Materials,0.111087646825,-0.481515223306,1,0.808504983389,0.808504983389,0.927772716504,0.941603881357,0.1,0.0928426790967,0.0944523495001,True,True
2023-02-01,RealEstate,0.124977519841,0.153858090336,1,0.80790134734,0.80790134734,1.02307871355,1.01864532377,0.1,0.10237999782,0.102180381838,True,True
2023-02-01,Tech,0.0967366165424,-1.1379835477,1,0.809346889251,0.809346889251,0.829302467845,0.861846483348,0.1,0.0829887121346,0.0864518794711,True,True
2023-02-01,Utilities,0.15560026455,1.554653818,1,0.806456428438,0.806456428438,1.2331980727,1.18806408483,0.1,0.123406747029,0.119174789304,True,True
2023-03-01,Comm,0.0970470627362,-0.368558787124,1,0.941905168731,0.941905168731,0.944716181931,0.947927886014,0.1,0.0950487704095,0.0951392965014,True,True
2023-03-01,Consumer,0.097200198841,-0.362495298264,1,0.867485148515,0.867485148515,0.94562570526,0.952831106852,0.1,0.0951402783943,0.0956314109207,True,True
2023-03-01,Energy,0.0889749381218,-0.688177976437,1,0.77732065412,0.77732065412,0.896773303534,0.919759756781,0.1,0.0902251929915,0.0923121869306,True,True
2023-03-01,Financials,0.0791459210902,-1.07736206433,1,0.798306128734,0.798306128734,0.838395690351,0.870990289177,0.1,0.0843517672382,0.0874174128586,True,True
2023-03-01,Healthcare,0.0949723441043,-0.450708149139,1,0.936805378884,0.936805378884,0.932393777629,0.936666127237,0.1,0.0938090018951,0.0940090039726,True,True
2023-03-01,Industrials,0.116394911298,0.397527462493,0.8,0.770305676856,0.616244541485,1.05962911937,1.03674611933,0.1,0.10661026752,0.104053586669,True,True
2023-03-01,Materials,0.0826499376417,-0.938619046469,1,0.81565099304,0.81565099304,0.85920714303,0.885162166399,0.1,0.0864456267755,0.0888397810038,True,True
2023-03-01,RealEstate,0.1324893065,1.03479184984,1,0.909656390058,0.909656390058,1.15521877748,1.14119575279,0.1,0.116227631592,0.114536730792,True,True
2023-03-01,Tech,0.107587410178,0.0487907293125,1,0.770997689927,0.770997689927,1.0073186094,1.00564263094,0.1,0.101347258642,0.100931868184,True,True
2023-03-01,Utilities,0.167089755832,2,1,0.888856840688,0.888856840688,1.3,1.26665705221,0.1,0.130794204541,0.127128722167,True,True
2023-04-03,Comm,0.123421343915,0.170927017259,1,0.714294100382,0.714294100382,1.02563905259,1.018313824,0.1,0.102563905259,0.10267371583,True,True
2023-04-03,Consumer,0.0772142848131,-1.23143465324,1,0.91888136182,0.91888136182,0.815284802014,0.830268647326,0.1,0.0815284802014,0.0837136501034,True,True
2023-04-03,Energy,0.120695700113,0.0882050594101,1,0.850729060699,0.850729060699,1.01323075891,1.0112557911,0.1,0.101323075891,0.101962074244,True,True
2023-04-03,Financials,0.0634641267436,-1.64874523337,1,0.918843469591,0.918843469591,0.752688214995,0.772759181395,0.1,0.0752688214995,0.0779151325704,True,True
2023-04-03,Healthcare,0.110096847506,-0.233464939421,1,0.937256213084,0.937256213084,0.964980259087,0.967177530249,0.1,0.0964980259087,0.097517787304,True,True
2023-04-03,Industrials,0.165254679705,1.44054832191,0.8,0.749789333059,0.599831466447,1.21608224829,1.12961293186,0.1,0.121608224829,0.113895691515,True,True
2023-04-03,Materials,0.0923378492407,-0.772441861081,1,0.716327116212,0.716327116212,0.884133720838,0.917001842382,0.1,0.0884133720838,0.0924587139651,True,True
2023-04-03,RealEstate,0.158787261905,1.24426535117,1,0.886716049383,0.886716049383,1.18663980267,1.16549650849,0.1,0.118663980267,0.117513731516,True,True
2023-04-03,Tech,0.109897670014,-0.239509879001,1,0.794001256281,0.794001256281,0.96407351815,0.971474328277,0.1,0.096407351815,0.0979510213516,True,True
2023-04-03,Utilities,0.156724146825,1.18165081637,1,0.75938724617,0.75938724617,1.17724762246,1.13459958391,0.1,0.117724762246,0.1143984816,True,True
2023-05-01,Comm,0.0785093445241,-0.982283342597,1,0.719180712609,0.719180712609,0.85265749861,0.894034114853,0.1,0.0853550493773,0.0899823363146,True,True
2023-05-01,Consumer,0.0960015144416,-0.408698165635,1,0.84723880302,0.84723880302,0.938695275155,0.948060258303,0.1,0.0939678378384,0.095419934868,True,True
2023-05-01,Energy,0.118054100368,0.314427464903,1,0.751941860336,0.751941860336,1.04716411974,1.03546467593,0.1,0.104826082327,0.104216974681,True,True
2023-05-01,Financials,0.0900471952926,-0.603946051911,1,0.920239542988,0.920239542988,0.909408092213,0.91663374418,0.1,0.0910360522736,0.0922569334612,True,True
2023-05-01,Healthcare,0.0690523687778,-1.29238672786,1,0.908742438032,0.908742438032,0.806141990821,0.823833000107,0.1,0.0806986269913,0.0829167666547,True,True
2023-05-01,Industrials,0.105294584442,-0.103969408377,0.8,0.785093167702,0.628074534162,0.984404588743,0.99020491934,0.1,0.098543556371,0.0996616914188,True,True
2023-05-01,Materials,0.0883521375661,-0.659528634895,1,0.920884926531,0.920884926531,0.901070704766,0.908897503226,0.1,0.0902014403475,0.0914782998233,True,True
2023-05-01,RealEstate,0.116957399849,0.278465593721,1,0.914221218962,0.914221218962,1.04176983906,1.03818687318,0.1,0.104286089312,0.104490957143,True,True
2023-05-01,Tech,0.150799224682,1.38817177524,1,0.754825249206,0.754825249206,1.20822576629,1.15717406593,0.1,0.1209491151,0.116466725648,True,True
2023-05-01,Utilities,0.171584696174,2,1,0.743910789396,0.743910789396,1.3,1.22317323682,0.1,0.130136150062,0.123109379987,True,True
2023-06-01,Comm,0.110776585034,0.425228246366,1,0.930483586765,0.930483586765,1.06378423695,1.05935018558,0.1,0.106504621796,0.106398664829,True,True
2023-06-01,Consumer,0.0750760095332,-0.925197895835,1,0.839722863741,0.839722863741,0.861220315625,0.883463526007,0.1,0.0862241992428,0.0887330184789,True,True
2023-06-01,Energy,0.101542761043,0.075945436915,1,0.812937456455,0.812937456455,1.01139181554,1.00926083355,0.1,0.101259164273,0.101367806997,True,True
2023-06-01,Financials,0.052081183092,-1.79501061807,1,0.935094018134,0.935094018134,0.73074840729,0.748224446284,0.1,0.073161530358,0.0751499203578,True,True
2023-06-01,Healthcare,0.0902075364701,-0.352825902937,1,0.927245234109,0.927245234109,0.947076114559,0.950926579455,0.1,0.0948199643208,0.0955088504085,True,True
2023-06-01,Industrials,0.106519312169,0.264190714317,0.8,0.791266735324,0.633013388259,1.03962860715,1.02508543888,0.1,0.104086193202,0.102957193493,True,True
2023-06-01,Materials,0.078827281935,-0.783300566538,1,0.841607019164,0.841607019164,0.882504915019,0.901115311763,0.1,0.0883551842018,0.0905059227194,True,True
2023-06-01,RealEstate,0.118620072751,0.721919566057,1,0.882358722359,0.882358722359,1.10828793491,1.09554880389,0.1,0.110960271123,0.110034369726,True,True
2023-06-01,Tech,0.107203132234,0.290057201884,1,0.594334323786,0.594334323786,1.04350858028,1.02585864264,0.1,0.104474650801,0.103034852277,True,True
2023-06-01,Utilities,0.154496401172,2,1,0.858633025796,0.858633025796,1.3,1.25758990774,0.1,0.130154220682,0.126309400713,True,True
2023-07-03,Comm,0.116642112332,0.102224509418,1,0.753465943339,0.753465943339,1.01533367641,1.01155340296,0.1,0.102166278503,0.102079158756,True,True
2023-07-03,Consumer,0.0754352711204,-1.26181956483,1,0.961185728655,0.961185728655,0.810727065276,0.818073556323,0.1,0.0815780753313,0.0825544753102,True,True
2023-07-03,Energy,0.0734799293788,-1.32654600921,1,0.803289394703,0.803289394703,0.801018098619,0.840159948883,0.1,0.0806011265562,0.0847832853423,True,True
2023-07-03,Financials,0.0911878888096,-0.740370597106,1,0.853710572094,0.853710572094,0.888944410434,0.905190669097,0.1,0.0894485668306,0.0913457477821,True,True
2023-07-03,Healthcare,0.123433626228,0.327039710308,1,0.899463182417,0.899463182417,1.04905595655,1.04412402679,0.1,0.105559527386,0.105365966818,True,True
2023-07-03,Industrials,0.117411066275,0.127678706791,0.8,0.763616394011,0.610893115209,1.01915180602,1.01169970644,0.1,0.102550471504,0.102093922718,True,True
2023-07-03,Materials,0.122651723356,0.301156872705,1,0.904693539481,0.904693539481,1.04517353091,1.04086820157,0.1,0.105168864702,0.105037410858,True,True
2023-07-03,RealEstate,0.119264510582,0.189032104664,1,0.86739640344,0.86739640344,1.0283548157,1.02459486516,0.1,0.103476509192,0.103395215314,True,True
2023-07-03,Tech,0.109584786165,-0.131389707422,1,0.65797535414,0.65797535414,0.980291543887,0.987032321609,0.1,0.0986402216467,0.0996046563232,True,True
2023-07-03,Utilities,0.186448881944,2,1,0.754010327022,0.754010327022,1.3,1.22620309811,0.1,0.130810358347,0.123740160778,True,True
2023-08-01,Comm,0.0908734161239,-0.522239248647,1,0.684384093113,0.684384093113,0.921664112703,0.946388164814,0.1,0.0925016135673,0.0954304692893,True,True
2023-08-01,Consumer,0.105885820994,-0.0535430500441,1,0.942994753128,0.942994753128,0.991968542493,0.992426377711,0.1,0.099557625738,0.100072801501,True,True
2023-08-01,Energy,0.0898940366364,-0.552816058076,1,0.795693424635,0.795693424635,0.917077591289,0.934019184633,0.1,0.0920412933425,0.094183224631,True,True
2023-08-01,Financials,0.0783887146781,-0.912019044688,1,0.930591302127,0.930591302127,0.863197143297,0.872692451446,0.1,0.0866336526302,0.0879992515577,True,True
2023-08-01,Healthcare,0.0961222227333,-0.358368388095,1,0.914501536606,0.914501536606,0.946244741786,0.950840733762,0.1,0.0949686162653,0.0958794507538,True,True
2023-08-01,Industrials,0.09438902952,-0.412479709868,0.8,0.798562733739,0.638850186991,0.93812804352,0.960473089033,0.1,0.0941539944566,0.096850743737,True,True
2023-08-01,Materials,0.0676476662157,-1.24736095872,1,0.897662711255,0.897662711255,0.812895856192,0.832043586983,0.1,0.0815852297204,0.0839003623745,True,True
2023-08-01,RealEstate,0.142095104119,1.0769322803,1,0.913454219834,0.913454219834,1.16153984205,1.14755925039,0.1,0.116576427498,0.11571585727,True,True
2023-08-01,Tech,0.13131308221,0.740311150928,1,0.705675206077,0.705675206077,1.11104667264,1.0783628836,0.1,0.111508746572,0.108738337896,True,True
2023-08-01,Utilities,0.179399030612,2,1,0.674127659574,0.674127659574,1.3,1.20223829787,0.1,0.13047280021,0.12122950099,True,True
2023-09-01,Comm,0.0843082561728,-0.748106285341,1,0.772511364217,0.772511364217,0.887784057199,0.91331190894,0.1,0.0887784057199,0.0912045055095,True,True
2023-09-01,Consumer,0.0856797893133,-0.68714586068,1,0.821799448982,0.821799448982,0.896928120898,0.915295586548,0.1,0.0896928120898,0.0914025981146,True,True
2023-09-01,Energy,0.107932178901,0.301904333543,1,0.760963174756,0.760963174756,1.04528565003,1.03446071202,0.1,0.104528565003,0.103302581282,True,True
2023-09-01,Financials,0.0571494730032,-1.95523056576,1,0.900351241131,0.900351241131,0.706715415135,0.735940860012,0.1,0.0706715415135,0.0734920037335,True,True
2023-09-01,Healthcare,0.103943918033,0.124638419221,1,0.949579161514,0.949579161514,1.01869576288,1.01775310684,0.1,0.101869576288,0.101634138274,True,True
2023-09-01,Industrials,0.0851258451685,-0.711766972127,0.8,0.753373951029,0.602699160823,0.893234954181,0.93565279648,0.1,0.0893234954181,0.0934354953616,True,True
2023-09-01,Materials,0.124773324979,1.05044141689,1,0.977827050998,0.977827050998,1.15756621253,1.15407250494,0.1,0.115756621253,0.115247169236,True,True
2023-09-01,RealEstate,0.109505952381,0.371853718526,1,0.826917712692,0.826917712692,1.05577805778,1.04612386396,0.1,0.105577805778,0.104467278681,True,True
2023-09-01,Tech,0.112699512522,0.513797632696,1,0.481525831025,0.481525831025,1.0770696449,1.03711102481,0.1,0.10770696449,0.103567244936,True,True
2023-09-01,Utilities,0.140278847884,1.73961416304,1,0.8590713017,0.8590713017,1.26094212446,1.22416789053,0.1,0.126094212446,0.122246984872,True,True
2023-10-02,Comm,0.113853623583,-0.358959918656,1,0.693833471787,0.693833471787,0.946156012202,0.962641239011,0.1,0.0946700114245,0.0971464263018,True,True
2023-10-02,Consumer,0.104726531784,-0.629003804009,1,0.856595362782,0.856595362782,0.905649429399,0.919179738747,0.1,0.0906170237488,0.0927604419275,True,True
2023-10-02,Energy,0.128662984942,0.0792056623477,1,0.671889058684,0.671889058684,1.01188084935,1.00798261269,0.1,0.101246274751,0.101722121003,True,True
2023-10-02,Financials,0.133196327039,0.213333963067,1,0.830419635788,0.830419635788,1.03200009446,1.02657350679,0.1,0.103259356251,0.103598249773,True,True
2023-10-02,Healthcare,0.0762975622638,-1.47013365729,1,0.972294901577,0.972294901577,0.779479951406,0.785589481056,0.1,0.0779928203733,0.0792789748996,True,True
2023-10-02,Industrials,0.144156469199,0.537612434029,0.8,0.725595725596,0.580476580477,1.0806418651,1.0468107141,0.1,0.108126330537,0.105640518781,True,True
2023-10-02,Materials,0.0806081746032,-1.34259527705,1,0.949797101449,0.949797101449,0.798610708442,0.808721034616,0.1,0.0799069962215,0.0816133313265,True,True
2023-10-02,RealEstate,0.194878063492,2,1,0.801317089233,0.801317089233,1.3,1.24039512677,0.1,0.130074758565,0.125176388549,True,True
2023-10-02,Tech,0.123513985348,-0.0731381385766,1,0.638335088909,0.638335088909,0.989029279214,0.992997003971,0.1,0.098959803621,0.100209825172,True,True
2023-10-02,Utilities,0.159965761664,1.00536304462,1,0.784377561775,0.784377561775,1.15080445669,1.11828763205,0.1,0.115146624508,0.112853722268,True,True
2023-11-01,Comm,0.084085036512,-1.14053726066,1,0.642895121129,0.642895121129,0.8289194109,0.890013123948,0.1,0.08289194109,0.0893398696738,True,True
2023-11-01,Consumer,0.10864592658,-0.135543908474,1,0.850216756613,0.850216756613,0.979668413729,0.982713744664,0.1,0.0979668413729,0.0986451946747,True,True
2023-11-01,Energy,0.113155613333,0.0489854467194,1,0.708969494199,0.708969494199,1.00734781701,1.00520937811,0.1,0.100734781701,0.100903315264,True,True
2023-11-01,Financials,0.0925023196906,-0.796115148331,1,0.871740727639,0.871740727639,0.88058272775,0.895899100196,0.1,0.088058272775,0.0899307062994,True,True
2023-11-01,Healthcare,0.11150441687,-0.0185789397455,1,0.936569975802,0.936569975802,0.997213159038,0.997389928428,0.1,0.0997213159038,0.10011839581,True,True
2023-11-01,Industrials,0.0830450527265,-1.18309177672,1,0.889425445945,0.889425445945,0.822536233492,0.842159210334,0.1,0.0822536233492,0.0845362748833,True,True
2023-11-01,Materials,0.0926181273621,-0.791376478859,1,0.915927956147,0.915927956147,0.881293528171,0.891273423876,0.1,0.0881293528171,0.0894663790795,True,True
2023-11-01,RealEstate,0.155430894326,1.778824074,1,0.898960121151,0.898960121151,1.2668236111,1.23986378576,0.1,0.12668236111,0.124458017587,True,True
2023-11-01,Tech,0.129060453846,0.699786738487,1,0.627712282991,0.627712282991,1.10496801077,1.06588970968,0.1,0.110496801077,0.106994430967,True,True
2023-11-01,Utilities,0.149536808201,1.53764725359,1,0.657685150726,0.657685150726,1.23064708804,1.15169316486,0.1,0.123064708804,0.115607415761,True,True
2023-12-01,Comm,0.0944655015117,-0.704193262468,1,0.893003986555,0.893003986555,0.89437101063,0.905672891397,0.1,0.0895246894688,0.0913732098983,True,True
2023-12-01,Consumer,0.0826801495703,-1.07440623329,1,0.814903529375,0.814903529375,0.838839065007,0.868669385277,0.1,0.0839660564983,0.0876399314003,True,True
2023-12-01,Energy,0.120872796324,0.125338440311,1,0.757392737947,0.757392737947,1.01880076605,1.01423956367,0.1,0.101979850785,0.102326486107,True,True
2023-12-01,Financials,0.0821549663729,-1.09090380016,1,0.837540430564,0.837540430564,0.836364429976,0.862948594227,0.1,0.0837183506469,0.0870627616005,True,True
2023-12-01,Healthcare,0.0983389331171,-0.582517250666,1,0.923880015582,0.923880015582,0.9126224124,0.919273593007,0.1,0.0913516170597,0.0927453827598,True,True
2023-12-01,Industrials,0.101903063934,-0.470557296931,1,0.711231107092,0.711231107092,0.92941640546,0.949798751913,0.1,0.0930326610513,0.0958250617239,True,True
2023-12-01,Materials,0.133813752646,0.531852383132,1,0.916475300401,0.916475300401,1.07977785747,1.07311443589,0.1,0.108083531595,0.108266363636,True,True
2023-12-01,RealEstate,0.110172561559,-0.210787771322,1,0.732520114197,0.732520114197,0.968381834302,0.976839057652,0.1,0.0969330199354,0.0985531543448,True,True
2023-12-01,Tech,0.161798928489,1.41095002394,1,0.578210954213,0.578210954213,1.21164250359,1.12237401395,0.1,0.121282910103,0.113236155499,True,True
2023-12-01,Utilities,0.182627096939,2,1,0.729562409531,0.729562409531,1.3,1.21886872286,0.1,0.130127312856,0.122971493031,True,True
