month,sector,article_count,covered_tickers,hhi,breadth
2020-01,Comm,269,5,0.283785464546,0.704757730704
2020-01,Consumer,578,5,0.268237928186,0.745606713237
2020-01,Energy,393,5,0.237767806849,0.841156768238
2020-01,Financials,331,5,0.221310502825,0.903707675176
2020-01,Healthcare,309,5,0.219027869419,0.913125806914
2020-01,Industrials,294,5,0.246239992596,0.812215748919
2020-01,Materials,191,5,0.243222499383,0.822292347571
2020-01,RealEstate,91,5,0.266755222799,0.74975101856
2020-01,Tech,538,5,0.317180525421,0.630555737098
2020-01,Utilities,211,5,0.273556299274,0.731110928648
2020-02,Comm,267,5,0.227566665264,0.878863342169
2020-02,Consumer,606,5,0.313907133288,0.637131109145
2020-02,Energy,341,5,0.224000481592,0.89285522325
2020-02,Financials,245,5,0.219458558934,0.91133378881
2020-02,Healthcare,477,5,0.362340624712,0.551966813435
2020-02,Industrials,210,5,0.226802721088,0.881823635273
2020-02,Materials,210,5,0.26462585034,0.755784061697
2020-02,RealEstate,205,5,0.244069006544,0.819440382178
2020-02,Tech,423,5,0.233148343756,0.857822949877
2020-02,Utilities,308,5,0.245720188902,0.813933933934
2020-03,Comm,304,5,0.266685422438,0.749947253104
2020-03,Consumer,777,5,0.245432967441,0.814886451831
2020-03,Energy,592,5,0.260757167641,0.76699713304
2020-03,Financials,337,5,0.22961371501,0.871028109062
2020-03,Healthcare,500,5,0.366616,0.545529927772
2020-03,Industrials,357,5,0.254431184238,0.78606716625
2020-03,Materials,220,5,0.259462809917,0.770823379519
2020-03,RealEstate,152,5,0.253289473684,0.78961038961
2020-03,Tech,425,5,0.226685121107,0.882281108804
2020-03,Utilities,240,5,0.249756944444,0.800778534687
2020-04,Comm,388,5,0.26992772877,0.740939068806
2020-04,Consumer,975,5,0.288415516108,0.693443968268
2020-04,Energy,818,5,0.226119523437,0.884487977687
2020-04,Financials,612,5,0.245808236148,0.813642386983
2020-04,Healthcare,928,5,0.440231123662,0.454306815784
2020-04,Industrials,698,5,0.238405267609,0.838907638267
2020-04,Materials,303,5,0.25002995349,0.799904160314
2020-04,RealEstate,194,5,0.246838133702,0.810247578041
2020-04,Tech,510,5,0.266066897347,0.751690653719
2020-04,Utilities,255,5,0.247335640138,0.808617795187
2020-05,Comm,384,5,0.228190104167,0.876462196862
2020-05,Consumer,822,5,0.325752866725,0.613962363588
2020-05,Energy,522,5,0.233958691153,0.854851764706
2020-05,Financials,453,5,0.20700359146,0.966166811836
2020-05,Healthcare,708,5,0.307622330748,0.650147859922
2020-05,Industrials,407,5,0.337164727828,0.593181858875
2020-05,Materials,275,5,0.291371900826,0.686407987293
2020-05,RealEstate,143,5,0.245733287691,0.813890547264
2020-05,Tech,437,5,0.214710240929,0.931487939907
2020-05,Utilities,229,5,0.240403501077,0.831934639486
2020-06,Comm,270,5,0.291659807956,0.685730411062
2020-06,Consumer,649,5,0.237608647653,0.841720206633
2020-06,Energy,346,5,0.26440910154,0.756403614077
2020-06,Financials,361,5,0.219435087208,0.911431269014
2020-06,Healthcare,367,5,0.322676684807,0.61981546674
2020-06,Industrials,403,5,0.422630519245,0.473226591296
2020-06,Materials,77,5,0.275763197841,0.725259938838
2020-06,RealEstate,59,5,0.250215455329,0.799311136625
2020-06,Tech,241,5,0.243539195262,0.821223047013
2020-06,Utilities,76,5,0.282894736842,0.706976744186
2020-07,Comm,203,5,0.296707030018,0.674065592541
2020-07,Consumer,574,5,0.233455547597,0.856694141813
2020-07,Energy,294,5,0.271576657874,0.736440316946
2020-07,Financials,365,5,0.263531619441,0.758922213677
2020-07,Healthcare,295,5,0.257638609595,0.776281164979
2020-07,Industrials,336,5,0.301427862812,0.663508668822
2020-07,Materials,74,5,0.237764791819,0.841167434716
2020-07,RealEstate,54,5,0.243484224966,0.821408450704
2020-07,Tech,347,4,0.31561594233,0.633681551456
2020-07,Utilities,135,5,0.31182441701,0.641386591589
2020-08,Comm,213,5,0.259891115079,0.769553048936
2020-08,Consumer,535,5,0.300864704341,0.664750624165
2020-08,Energy,263,5,0.320765082624,0.623509262181
2020-08,Financials,242,5,0.239669421488,0.834482758621
2020-08,Healthcare,233,5,0.225736337011,0.885989392085
2020-08,Industrials,256,5,0.284027099609,0.704158160524
2020-08,Materials,57,5,0.274238227147,0.729292929293
2020-08,RealEstate,54,5,0.272976680384,0.732663316583
2020-08,Tech,259,4,0.307016890028,0.651429958728
2020-08,Utilities,86,5,0.259870200108,0.769614984391
2020-09,Comm,148,5,0.357468955442,0.559489144317
2020-09,Consumer,507,5,0.280923092484,0.711938624309
2020-09,Energy,173,5,0.286645059975,0.69772700781
2020-09,Financials,225,5,0.248869135802,0.803635209144
2020-09,Healthcare,232,5,0.225141200951,0.888331407823
2020-09,Industrials,272,5,0.316663062284,0.631586136247
2020-09,Materials,49,5,0.284464806331,0.703074670571
2020-09,RealEstate,34,5,0.285467128028,0.700606060606
2020-09,Tech,212,4,0.253737985048,0.788214661522
2020-09,Utilities,76,5,0.412396121884,0.48497061293
2020-10,Comm,223,5,0.349433931911,0.57235426138
2020-10,Consumer,455,5,0.25456345852,0.785658716153
2020-10,Energy,297,5,0.232617986827,0.859778741654
2020-10,Financials,388,5,0.249362312679,0.802045817794
2020-10,Healthcare,302,5,0.272575764221,0.733740949316
2020-10,Industrials,353,5,0.296663964882,0.674163443071
2020-10,Materials,59,5,0.241597242172,0.827824019025
2020-10,RealEstate,25,5,0.232,0.862068965517
2020-10,Tech,261,4,0.365599448041,0.547046777755
2020-10,Utilities,79,5,0.356192917802,0.561493477283
2020-11,Comm,266,5,0.242438803776,0.824950448875
2020-11,Consumer,475,5,0.287109141274,0.696599206533
2020-11,Energy,237,5,0.293880966369,0.680547646453
2020-11,Financials,301,5,0.252017085904,0.793596986817
2020-11,Healthcare,199,5,0.217140981288,0.921060588441
2020-11,Industrials,330,5,0.323764921947,0.617732145896
2020-11,Materials,51,5,0.227220299885,0.880203045685
2020-11,RealEstate,34,5,0.257785467128,0.775838926174
2020-11,Tech,208,4,0.283284023669,0.706005221932
2020-11,Utilities,87,5,0.364777381424,0.548279608837
2020-12,Comm,212,5,0.445042719829,0.449395060494
2020-12,Consumer,516,5,0.256985758067,0.778253244476
2020-12,Energy,265,5,0.288202207191,0.693957211325
2020-12,Financials,281,5,0.240409822571,0.831912764052
2020-12,Healthcare,183,5,0.216160530323,0.925238292582
2020-12,Industrials,351,5,0.339404712624,0.589267009446
2020-12,Materials,47,5,0.263920325939,0.757804459691
2020-12,RealEstate,56,5,0.220025510204,0.908985507246
2020-12,Tech,249,4,0.288721149659,0.692709904475
2020-12,Utilities,51,5,0.377931564783,0.529196337742
2021-01,Comm,231,5,0.336106894548,0.595048787287
2021-01,Consumer,407,5,0.25132056336,0.79579640172
2021-01,Energy,224,5,0.258729272959,0.77300878139
2021-01,Financials,360,5,0.253410493827,0.789233298825
2021-01,Healthcare,176,5,0.221268078512,0.903880945433
2021-01,Industrials,324,5,0.306260478586,0.653038880249
2021-01,Materials,68,5,0.219290657439,0.912031558185
2021-01,RealEstate,63,5,0.232552280171,0.860021668472
2021-01,Tech,303,4,0.357317910009,0.559725651578
2021-01,Utilities,73,5,0.37211484331,0.537468482098
2021-02,Comm,226,5,0.245046597228,0.816171300735
2021-02,Consumer,405,5,0.260417619265,0.767997190682
2021-02,Energy,249,5,0.293656553927,0.681067721206
2021-02,Financials,237,5,0.24075557692,0.830718035939
2021-02,Healthcare,191,5,0.216797785148,0.92251864964
2021-02,Industrials,250,5,0.27488,0.727590221187
2021-02,Materials,76,5,0.210526315789,0.95
2021-02,RealEstate,62,5,0.240894901145,0.830237580994
2021-02,Tech,182,4,0.276597029344,0.723073564724
2021-02,Utilities,82,5,0.243307555027,0.822004889976
2021-03,Comm,207,5,0.315223225746,0.634471015029
2021-03,Consumer,490,5,0.264806330696,0.755268952501
2021-03,Energy,261,5,0.289029814595,0.691970135609
2021-03,Financials,329,5,0.247032085809,0.809611428999
2021-03,Healthcare,186,5,0.218406752226,0.915722604553
2021-03,Industrials,293,5,0.332991648126,0.600615664463
2021-03,Materials,54,5,0.203703703704,0.981818181818
2021-03,RealEstate,61,5,0.224939532384,0.889127837515
2021-03,Tech,211,4,0.299117270502,0.668634076744
2021-03,Utilities,51,5,0.244136870434,0.819212598425
2021-04,Comm,235,5,0.397917609778,0.502616609784
2021-04,Consumer,430,5,0.22833964305,0.875888204642
2021-04,Energy,208,5,0.252172707101,0.793107241063
2021-04,Financials,450,5,0.272958024691,0.732713391468
2021-04,Healthcare,257,5,0.203954639737,0.980610199688
2021-04,Industrials,291,5,0.249914384573,0.800274063224
2021-04,Materials,61,5,0.22655200215,0.882799525504
2021-04,RealEstate,65,5,0.237396449704,0.842472582253
2021-04,Tech,280,4,0.352474489796,0.567416950134
2021-04,Utilities,90,5,0.267160493827,0.748613678373
2021-05,Comm,294,5,0.27648202138,0.723374340949
2021-05,Consumer,417,5,0.284187038858,0.703761863326
2021-05,Energy,239,5,0.294655205616,0.678759432
2021-05,Financials,241,5,0.243608064599,0.820990882748
2021-05,Healthcare,152,5,0.201263850416,0.993720430108
2021-05,Industrials,196,5,0.251093294461,0.796516690856
2021-05,Materials,70,5,0.227346938776,0.879712746858
2021-05,RealEstate,34,5,0.230103806228,0.869172932331
2021-05,Tech,177,4,0.311755881132,0.641527592915
2021-05,Utilities,62,5,0.257544224766,0.776565656566
2021-06,Comm,195,5,0.282945430638,0.706850079004
2021-06,Consumer,418,5,0.232103202766,0.861685653696
2021-06,Energy,272,5,0.278465614187,0.71822153189
2021-06,Financials,326,5,0.245756332568,0.813814227736
2021-06,Healthcare,183,5,0.21729523127,0.920406761028
2021-06,Industrials,148,4,0.271548575603,0.736516476126
2021-06,Materials,70,5,0.270612244898,0.739064856712
2021-06,RealEstate,49,5,0.280299875052,0.713521545319
2021-06,Tech,242,4,0.279045147189,0.716729898421
2021-06,Utilities,61,5,0.279226014512,0.716265640038
2021-07,Comm,202,5,0.311293010489,0.642481498977
2021-07,Consumer,369,5,0.228472176321,0.875380115079
2021-07,Energy,252,5,0.257306626354,0.777282741738
2021-07,Financials,424,5,0.262804823781,0.761021038818
2021-07,Healthcare,163,5,0.217358575784,0.920138528139
2021-07,Industrials,154,4,0.283943329398,0.704365904366
2021-07,Materials,70,5,0.210204081633,0.95145631068
2021-07,RealEstate,56,5,0.226403061224,0.88338028169
2021-07,Tech,302,4,0.328209289066,0.609367274671
2021-07,Utilities,64,5,0.24755859375,0.807889546351
2021-08,Comm,218,5,0.226874842185,0.881543312929
2021-08,Consumer,429,5,0.296700191805,0.674081128102
2021-08,Energy,288,5,0.258559992284,0.773514874569
2021-08,Financials,272,5,0.245593641869,0.814353329664
2021-08,Healthcare,156,5,0.203566732413,0.982478805006
2021-08,Industrials,139,4,0.258112934113,0.774854622017
2021-08,Materials,86,5,0.251216873986,0.796124865447
2021-08,RealEstate,51,5,0.287966166859,0.694526034713
2021-08,Tech,323,5,0.253342790595,0.789444213234
2021-08,Utilities,75,5,0.230933333333,0.866050808314
2021-09,Comm,238,5,0.23727137914,0.842916666667
2021-09,Consumer,431,5,0.236944245563,0.844080427127
2021-09,Energy,309,5,0.282328421361,0.708394851059
2021-09,Financials,308,5,0.242283690336,0.825478593804
2021-09,Healthcare,226,5,0.231498159605,0.863937753721
2021-09,Industrials,127,4,0.255006510013,0.784293702893
2021-09,Materials,72,5,0.274691358025,0.72808988764
2021-09,RealEstate,65,5,0.240236686391,0.832512315271
2021-09,Tech,310,5,0.217023933403,0.921557345608
2021-09,Utilities,69,5,0.252257929007,0.792839300583
2021-10,Comm,201,5,0.278631717037,0.717793373012
2021-10,Consumer,397,5,0.240982431206,0.829936020642
2021-10,Energy,280,5,0.286198979592,0.698814511097
2021-10,Financials,387,5,0.238720963617,0.837798226722
2021-10,Healthcare,336,5,0.338630243764,0.590614700497
2021-10,Industrials,183,4,0.252889008331,0.790860786397
2021-10,Materials,86,5,0.231206057328,0.865029239766
2021-10,RealEstate,63,5,0.226001511716,0.884949832776
2021-10,Tech,371,5,0.235576608714,0.848980724749
2021-10,Utilities,62,5,0.254422476587,0.78609406953
2021-11,Comm,217,5,0.240077300431,0.83306501548
2021-11,Consumer,444,5,0.251359467576,0.79567323216
2021-11,Energy,235,5,0.3117971933,0.641442592485
2021-11,Financials,313,5,0.25594831018,0.78140777667
2021-11,Healthcare,243,5,0.329438263137,0.607094021488
2021-11,Industrials,149,4,0.303274627269,0.659468290509
2021-11,Materials,78,5,0.24358974359,0.821052631579
2021-11,RealEstate,77,5,0.237308146399,0.842786069652
2021-11,Tech,453,5,0.296015281981,0.675640793481
2021-11,Utilities,68,5,0.23053633218,0.867542213884
2021-12,Comm,198,5,0.368482807877,0.542766163644
2021-12,Consumer,422,5,0.232811482222,0.859064158225
2021-12,Energy,216,5,0.284893689986,0.702016250376
2021-12,Financials,307,5,0.249541109189,0.801471150984
2021-12,Healthcare,269,5,0.26957891682,0.741897780284
2021-12,Industrials,187,5,0.224169979124,0.892180125016
2021-12,Materials,75,5,0.288177777778,0.694016039482
2021-12,RealEstate,86,5,0.202541914548,0.987449933244
2021-12,Tech,512,5,0.243553161621,0.821175954641
2021-12,Utilities,55,5,0.264132231405,0.75719649562
2022-01,Comm,392,5,0.282616618076,0.707672469375
2022-01,Consumer,433,5,0.21705273376,0.921435065733
2022-01,Energy,412,5,0.279137996041,0.71649149466
2022-01,Financials,607,5,0.231942548358,0.86228249804
2022-01,Healthcare,320,5,0.21736328125,0.920118609039
2022-01,Industrials,363,5,0.271664807352,0.736201357656
2022-01,Materials,106,5,0.237629049484,0.841647940075
2022-01,RealEstate,112,5,0.215082908163,0.929873980726
2022-01,Tech,718,5,0.252135691064,0.793223677125
2022-01,Utilities,120,5,0.263194444444,0.759894459103
2022-02,Comm,242,5,0.243869954238,0.820109228399
2022-02,Consumer,521,5,0.218887345685,0.913712025583
2022-02,Energy,464,5,0.277868608799,0.719764642953
2022-02,Financials,350,5,0.245469387755,0.814765547057
2022-02,Healthcare,298,5,0.211747218594,0.944522442034
2022-02,Industrials,240,5,0.242326388889,0.825333142284
2022-02,Materials,93,5,0.229275060701,0.872314674735
2022-02,RealEstate,118,5,0.21114622235,0.947210884354
2022-02,Tech,712,5,0.269225003156,0.742873052857
2022-02,Utilities,166,5,0.215343300915,0.928749578699
2022-03,Comm,198,5,0.272880318335,0.732922041503
2022-03,Consumer,550,5,0.20933553719,0.955403954267
2022-03,Energy,719,5,0.248643514695,0.804364434141
2022-03,Financials,375,5,0.242481777778,0.824804246459
2022-03,Healthcare,251,5,0.247472262345,0.808171380925
2022-03,Industrials,363,5,0.356586146969,0.560874284377
2022-03,Materials,96,5,0.264973958333,0.754791154791
2022-03,RealEstate,138,5,0.215605965133,0.927618119825
2022-03,Tech,705,5,0.238416578643,0.838867838547
2022-03,Utilities,99,5,0.258238955209,0.774476491505
2022-04,Comm,265,5,0.342484870061,0.583967402603
2022-04,Consumer,503,5,0.217015995478,0.921591053964
2022-04,Energy,462,5,0.235274826184,0.850069696125
2022-04,Financials,523,5,0.23638078595,0.84609245712
2022-04,Healthcare,317,5,0.225149021286,0.888300552486
2022-04,Industrials,328,5,0.236726650803,0.844856290247
2022-04,Materials,180,5,0.262530864198,0.761815189278
2022-04,RealEstate,144,5,0.206983024691,0.966262814539
2022-04,Tech,600,5,0.252211111111,0.792986475175
2022-04,Utilities,124,5,0.255983350676,0.781300813008
2022-05,Comm,225,5,0.232987654321,0.85841458245
2022-05,Consumer,668,5,0.275951091828,0.724766112266
2022-05,Energy,576,5,0.23828125,0.839344262295
2022-05,Financials,300,5,0.224688888889,0.890119671645
2022-05,Healthcare,272,5,0.219615051903,0.910684391925
2022-05,Industrials,243,5,0.293502006808,0.681426345854
2022-05,Materials,95,5,0.231689750693,0.863223338116
2022-05,RealEstate,143,5,0.230378013595,0.868138399491
2022-05,Tech,589,5,0.295534141779,0.67674076097
2022-05,Utilities,146,5,0.249296303246,0.802258185924
2022-06,Comm,198,5,0.251096826854,0.796505485575
2022-06,Consumer,585,5,0.223458251151,0.89502177239
2022-06,Energy,500,5,0.25644,0.779909530494
2022-06,Financials,347,5,0.231020936973,0.865722399971
2022-06,Healthcare,255,5,0.223129565552,0.896340202633
2022-06,Industrials,289,5,0.26373007986,0.758351114541
2022-06,Materials,123,5,0.25692378875,0.778440957036
2022-06,RealEstate,147,5,0.241427183118,0.828407130535
2022-06,Tech,515,5,0.217064756339,0.921384030154
2022-06,Utilities,142,5,0.226740726046,0.882064741907
2022-07,Comm,248,5,0.279851716961,0.714664187776
2022-07,Consumer,550,5,0.248211570248,0.805764210751
2022-07,Energy,546,5,0.228307101933,0.876013046928
2022-07,Financials,429,5,0.228737074891,0.874366344395
2022-07,Healthcare,353,5,0.254596377469,0.7855571316
2022-07,Industrials,263,5,0.221500961413,0.902930618106
2022-07,Materials,134,5,0.227333481845,0.879764821166
2022-07,RealEstate,155,5,0.213319458897,0.93756097561
2022-07,Tech,504,5,0.22903281683,0.873237306198
2022-07,Utilities,154,5,0.237139483893,0.843385490754
2022-08,Comm,273,5,0.215312160367,0.928883903533
2022-08,Consumer,630,5,0.27378180902,0.73050872414
2022-08,Energy,544,5,0.25023653763,0.799243795068
2022-08,Financials,242,5,0.231814766751,0.862757807896
2022-08,Healthcare,262,5,0.232649612493,0.859661865999
2022-08,Industrials,175,4,0.251918367347,0.793907971484
2022-08,Materials,86,5,0.20903190914,0.956791720569
2022-08,RealEstate,157,5,0.228771958294,0.874233020039
2022-08,Tech,580,5,0.261397146254,0.765119294016
2022-08,Utilities,179,5,0.235978902032,0.847533395054
2022-09,Comm,243,5,0.234025978425,0.854605977278
2022-09,Consumer,490,5,0.210887130362,0.948374609946
2022-09,Energy,380,5,0.243434903047,0.821574874829
2022-09,Financials,297,5,0.238354362933,0.839086801427
2022-09,Healthcare,272,5,0.210207612457,0.951440329218
2022-09,Industrials,202,4,0.270218606019,0.740141483766
2022-09,Materials,94,5,0.239022181983,0.836742424242
2022-09,RealEstate,134,5,0.270773000668,0.738626079803
2022-09,Tech,599,5,0.227432476498,0.87938188547
2022-09,Utilities,152,5,0.259349030471,0.771161548732
2022-10,Comm,230,5,0.27213610586,0.734926368436
2022-10,Consumer,445,5,0.217452341876,0.919741761687
2022-10,Energy,503,5,0.271780845741,0.73588703227
2022-10,Financials,435,5,0.235650680407,0.848713866027
2022-10,Healthcare,288,5,0.20915316358,0.956237030205
2022-10,Industrials,204,4,0.25360438293,0.788629903354
2022-10,Materials,91,5,0.218934911243,0.913513513514
2022-10,RealEstate,160,5,0.206875,0.966767371601
2022-10,Tech,562,5,0.246691404617,0.810729503568
2022-10,Utilities,157,5,0.261065357621,0.766091686092
2022-11,Comm,168,5,0.232851473923,0.858916615946
2022-11,Consumer,594,5,0.267404686597,0.747930047695
2022-11,Energy,427,5,0.248852349325,0.803689418817
2022-11,Financials,214,5,0.23648353568,0.845724838412
2022-11,Healthcare,310,5,0.212695109261,0.940313111546
2022-11,Industrials,134,4,0.251615059033,0.794864984506
2022-11,Materials,81,5,0.222984301174,0.896924128503
2022-11,RealEstate,95,5,0.256066481994,0.781047165729
2022-11,Tech,460,5,0.228506616257,0.875248180013
2022-11,Utilities,126,5,0.223607961703,0.894422535211
2022-12,Comm,182,5,0.286982248521,0.696907216495
2022-12,Consumer,490,5,0.235077051229,0.85078487651
2022-12,Energy,352,5,0.242413481405,0.825036622719
2022-12,Financials,288,5,0.232277199074,0.8610401744
2022-12,Healthcare,331,5,0.219028668961,0.913122473643
2022-12,Industrials,197,4,0.259759334175,0.76994345799
2022-12,Materials,62,5,0.279396462019,0.71582867784
2022-12,RealEstate,96,5,0.244791666667,0.817021276596
2022-12,Tech,437,5,0.232891202237,0.858770095559
2022-12,Utilities,96,5,0.232855902778,0.85890027959
2023-01,Comm,219,5,0.278872417172,0.717173831776
2023-01,Consumer,487,5,0.236072167948,0.847198556859
2023-01,Energy,521,5,0.280027703995,0.714215047822
2023-01,Financials,526,5,0.231310269051,0.864639519985
2023-01,Healthcare,293,5,0.217020582651,0.921571574258
2023-01,Industrials,286,4,0.25248178395,0.792136354832
2023-01,Materials,154,5,0.249789171867,0.800675219446
2023-01,RealEstate,130,5,0.246153846154,0.8125
2023-01,Tech,600,5,0.247916666667,0.806722689076
2023-01,Utilities,142,5,0.251438206705,0.795424063116
2023-02,Comm,187,5,0.213017243845,0.938891126326
2023-02,Consumer,541,5,0.232222112129,0.861244427443
2023-02,Energy,377,5,0.250863652034,0.797245828075
2023-02,Financials,290,5,0.253840665874,0.787895821623
2023-02,Healthcare,317,5,0.214441381644,0.932655807694
2023-02,Industrials,154,4,0.254258728285,0.786600331675
2023-02,Materials,145,5,0.256028537455,0.781162920305
2023-02,RealEstate,165,5,0.223948576676,0.893062161719
2023-02,Tech,584,5,0.266366813661,0.750844285934
2023-02,Utilities,201,5,0.224128115641,0.89234676974
2023-03,Comm,183,5,0.266684582997,0.749949613705
2023-03,Consumer,514,5,0.215529379703,0.927947736293
2023-03,Energy,479,5,0.236814693102,0.844542191957
2023-03,Financials,513,5,0.21654146195,0.923610648043
2023-03,Healthcare,318,5,0.212946481547,0.939203120646
2023-03,Industrials,214,4,0.260241069089,0.768518207753
2023-03,Materials,174,5,0.284119434536,0.703929318763
2023-03,RealEstate,145,5,0.226254458977,0.883960479294
2023-03,Tech,692,5,0.252071569381,0.793425456473
2023-03,Utilities,153,5,0.264043743859,0.757450250768
2023-04,Comm,303,5,0.275996906621,0.724645802913
2023-04,Consumer,517,5,0.232538563128,0.860072399646
2023-04,Energy,553,5,0.267470872342,0.747744972187
2023-04,Financials,641,5,0.217218610741,0.920731420376
2023-04,Healthcare,388,5,0.221423636943,0.903245935081
2023-04,Industrials,304,4,0.25541031856,0.783053719709
2023-04,Materials,156,5,0.214414858646,0.932771176696
2023-04,RealEstate,169,5,0.216834144463,0.922363959309
2023-04,Tech,691,5,0.269181391511,0.742993410048
2023-04,Utilities,182,5,0.266996739524,0.74907281773
2023-05,Comm,284,5,0.216276532434,0.924742031644
2023-05,Consumer,640,5,0.239360351562,0.835560270088
2023-05,Energy,521,5,0.247711289009,0.807391543598
2023-05,Financials,417,5,0.213900821789,0.935012770534
2023-05,Healthcare,314,5,0.214552314496,0.932173584192
2023-05,Industrials,217,4,0.251332582981,0.795758343895
2023-05,Materials,141,5,0.233740757507,0.855648805681
2023-05,RealEstate,139,5,0.22250401118,0.898860200047
2023-05,Tech,1095,5,0.332154041826,0.602130261311
2023-05,Utilities,164,5,0.236243307555,0.846584828455
2023-06,Comm,250,5,0.26544,0.753465943339
2023-06,Consumer,570,5,0.208076331179,0.961185728655
2023-06,Energy,409,5,0.248976273456,0.803289394703
2023-06,Financials,510,5,0.234271434064,0.853710572094
2023-06,Healthcare,298,5,0.222354848881,0.899463182417
2023-06,Industrials,257,4,0.261911611077,0.763616394011
2023-06,Materials,128,5,0.221069335938,0.904693539481
2023-06,RealEstate,129,5,0.230575085632,0.86739640344
2023-06,Tech,1242,5,0.303962752923,0.65797535414
2023-06,Utilities,148,5,0.265248356465,0.754010327022
2023-07,Comm,413,5,0.291489074803,0.68613206219
2023-07,Consumer,543,5,0.219627673826,0.910632055222
2023-07,Energy,565,5,0.253893022163,0.787733346494
2023-07,Financials,766,5,0.214593459632,0.93199485363
2023-07,Healthcare,381,5,0.21766865756,0.91882773681
2023-07,Industrials,323,4,0.250428931553,0.79862976997
2023-07,Materials,156,5,0.222797501644,0.897676134268
2023-07,RealEstate,198,5,0.218804203653,0.914059221264
2023-07,Tech,1130,5,0.2803304879,0.713443626835
2023-07,Utilities,169,5,0.302265326844,0.661670334762
2023-08,Comm,316,5,0.24058644448,0.831302031302
2023-08,Consumer,768,5,0.234636094835,0.852383773863
2023-08,Energy,505,5,0.259076561121,0.771972574957
2023-08,Financials,475,5,0.220573961219,0.906725340085
2023-08,Healthcare,391,5,0.21249861003,0.941182626897
2023-08,Industrials,317,4,0.280697389764,0.71251107881
2023-08,Materials,125,5,0.2064,0.968992248062
2023-08,RealEstate,173,5,0.237595643022,0.841766277598
2023-08,Tech,1448,5,0.38657149507,0.517368721053
2023-08,Utilities,197,5,0.23646576825,0.845788384003
2023-09,Comm,215,5,0.292201189832,0.684459909676
2023-09,Consumer,635,5,0.234958149916,0.851215418879
2023-09,Energy,472,5,0.298297902901,0.670470687372
2023-09,Financials,438,5,0.241310648235,0.828807188837
2023-09,Healthcare,269,5,0.204737358522,0.976861289234
2023-09,Industrials,285,4,0.272785472453,0.733176874126
2023-09,Materials,120,5,0.215416666667,0.928433268859
2023-09,RealEstate,147,5,0.244481466056,0.818057921635
2023-09,Tech,1182,5,0.308001294087,0.649347921063
2023-09,Utilities,174,5,0.255780155899,0.781921487603
2023-10,Comm,305,5,0.308508465466,0.648280427889
2023-10,Consumer,667,5,0.229933758758,0.869815729019
2023-10,Energy,749,5,0.279049413459,0.716718940638
2023-10,Financials,597,5,0.228279869476,0.876117550178
2023-10,Healthcare,419,5,0.212820615057,0.939758584696
2023-10,Industrials,497,5,0.224497892789,0.890876958866
2023-10,Materials,180,5,0.218209876543,0.916548797737
2023-10,RealEstate,218,5,0.223676458211,0.894148635936
2023-10,Tech,1255,5,0.319622228219,0.625738707582
2023-10,Utilities,213,5,0.309484449734,0.646236023075
2023-11,Comm,239,5,0.223963165911,0.893003986555
2023-11,Consumer,725,5,0.245427824019,0.814903529375
2023-11,Energy,434,5,0.264063794092,0.757392737947
2023-11,Financials,347,5,0.238794442276,0.837540430564
2023-11,Healthcare,308,5,0.216478326868,0.923880015582
2023-11,Industrials,371,5,0.281202548659,0.711231107092
2023-11,Materials,131,5,0.218227376027,0.916475300401
2023-11,RealEstate,168,5,0.273030045351,0.732520114197
2023-11,Tech,1152,5,0.345894519194,0.578210954213
2023-11,Utilities,181,5,0.274136931107,0.729562409531
2023-12,Comm,196,5,0.272542690546,0.733829990449
2023-12,Consumer,283,5,0.212501092535,0.941171631706
2023-12,Energy,321,5,0.295561960773,0.676677064521
2023-12,Financials,247,5,0.24794702421,0.806623917499
2023-12,Healthcare,201,5,0.226306279548,0.88375806628
2023-12,Industrials,222,5,0.238982225469,0.836882322975
2023-12,Materials,63,5,0.206853111615,0.966869671133
2023-12,RealEstate,126,5,0.23544973545,0.849438202247
2023-12,Tech,804,5,0.25712544244,0.777830455448
2023-12,Utilities,89,5,0.259941926524,0.769402622632
